name,level,city,location,longitude,latitude,description,image_url,ticket_price,rating,opening_hours,season_best
毕棚沟,4A,阿坝藏族羌族自治州,四川省阿坝州理县,102.9,31.3,藏语意为“神秘的山沟”，以雪山、彩林、瀑布和红石滩闻名，流传着猎人阿强与龙女的守护传说，如今更是游客邂逅川西美景、治愈心灵的地方。这片藏羌秘境，早已不是单纯的风景，而是藏着温柔与信仰的治愈之地。,cloud://cloud1-d2gphu7bt75dc5910.636c-cloud1-d2gphu7bt75dc5910-1464549430/sceneries/bipenggou.jpg,70,4.6,08:00-17:30,秋季（10-11月）
达古冰川,4A,阿坝藏族羌族自治州,四川省阿坝州黑水县,102.8,32.2,全球海拔最低的现代冰川，4860米之巅的观景台见证了无数坚持与感动，巡山队员们用“盖被子”的方式守护冰川，让这片冰雪秘境始终保持纯净。每一片雪花都在诉说，人类与自然的守护，从来都是双向奔赴。,cloud://cloud1-d2gphu7bt75dc5910.636c-cloud1-d2gphu7bt75dc5910-1464549430/sceneries/dagubingchuan.jpg,120,4.5,08:30-17:00,秋季至冬季（10-2月）
黄河九曲第一湾,4A,阿坝藏族羌族自治州,四川省阿坝州若尔盖县,102.4,33.3,黄河在此画出一道“S”形曲线，传说黄河姑娘为守护草原在此回眸，73名藏族“阿妈啦”自发组成护河队，用脚步守护着母亲河的蜿蜒。落日熔金时，黄河的曲线里，藏着草原儿女对母亲河最绵长的眷恋。,cloud://cloud1-d2gphu7bt75dc5910.636c-cloud1-d2gphu7bt75dc5910-1464549430/sceneries/huanghejiuqu.jpg,65,4.6,07:00-19:00,夏季（6-8月）
黄龙,5A,阿坝藏族羌族自治州,四川省阿坝州松潘县,103.8,32.7,钙华彩池如人间瑶池，传说十八位姑娘为草原寻水牺牲，化作望乡台守护这片土地，如今景区工作人员的暖心救助，让这里的美景与善意同样动人。每一池碧水，都映照着自然的馈赠，也映照着人间的温暖。,cloud://cloud1-d2gphu7bt75dc5910.636c-cloud1-d2gphu7bt75dc5910-1464549430/sceneries/huanglong.jpg,170,4.6,08:00-17:00,秋季（9-10月）
九寨沟,5A,阿坝藏族羌族自治州,四川省阿坝州九寨沟县,103.9,33.2,传说女神色嫫的宝镜碎裂成108个海子，成就了这片童话世界，历经地震涅槃重生，如今的九寨依旧清澈，藏着无数守护与重建的温暖故事。重生后的九寨，比从前多了一份坚韧，也让每一滴湖水都有了故事。,cloud://cloud1-d2gphu7bt75dc5910.636c-cloud1-d2gphu7bt75dc5910-1464549430/sceneries/jiuzhaigou.jpg,190,4.7,08:30-17:00,秋季（10-11月）
莲宝叶则,4A,阿坝藏族羌族自治州,四川省阿坝州阿坝县,101.3,32.8,藏语意为“尊严的玉石之峰”，相传是格萨尔王征战的古战场，神山莲宝叶则化身牛心石，永世守护着这片怪石嶙峋的秘境。这里的每一块石头，都像是沉默的卫士，守着千年的传说与信仰。,cloud://cloud1-d2gphu7bt75dc5910.636c-cloud1-d2gphu7bt75dc5910-1464549430/sceneries/lianbaoyeze.jpg,120,4.4,08:00-18:00,夏季（6-8月）
若尔盖花湖,4A,阿坝藏族羌族自治州,四川省阿坝州若尔盖县,102.7,33.9,高原湿地的“天空之镜”，如科父子接力守护黑颈鹤十八年，每年春天，迁徙的鹤群归来时，这里便奏响人与自然共生的温柔乐章。当鹤鸣掠过湖面，这片湿地的温柔，早已写进了人与自然的约定里。,cloud://cloud1-d2gphu7bt75dc5910.636c-cloud1-d2gphu7bt75dc5910-1464549430/sceneries/ruoergaihuahu.jpg,75,4.5,07:30-19:00,夏季（6-8月）
四姑娘山,4A,阿坝藏族羌族自治州,四川省阿坝州小金县,102.9,31.1,被称为“东方圣山”，传说四位姑娘为守护家园化作雪山，如今这里的每一座雪峰都见证着登山者的勇气，也藏着救援人员的坚守与守护。四座雪山并肩而立，既是信仰的象征，也守护着无数人的山野梦想。,cloud://cloud1-d2gphu7bt75dc5910.636c-cloud1-d2gphu7bt75dc5910-1464549430/sceneries/siguniangshan.jpg,80,4.6,08:00-17:30,秋季（10-11月）
汶川特别旅游区,5A,阿坝藏族羌族自治州,四川省阿坝州汶川县,103.5,31.4,从地震废墟中涅槃重生，映秀的老地方餐馆常年为困难游客提供免费餐食，这里的每一处风景都承载着重生的力量与感恩的温情。这里的一砖一瓦，都在诉说着“多难兴邦”的故事，也让每一次到访都成为一次心灵的洗礼。,cloud://cloud1-d2gphu7bt75dc5910.636c-cloud1-d2gphu7bt75dc5910-1464549430/sceneries/wenchuan.jpg,0,4.5,09:00-17:00,全年
川陕革命根据地红军烈士陵园,4A,巴中市,巴中市通江县,107.34,32.11,全国规模最大、安葬红军烈士最多的陵园，是重要的红色教育基地，被誉为“川陕忠魂纪念地”。这里安葬着25000余名红军烈士，是无数革命先烈用鲜血铸就的不朽丰碑。,cloud://cloud1-d2gphu7bt75dc5910.636c-cloud1-d2gphu7bt75dc5910-1464549430/sceneries/chunshan.jpg,0,4.7,09:00-17:00（周一闭馆）,全年
恩阳古镇,4A,巴中市,巴中市恩阳区,106.63,31.79,始建于南北朝，拥有1500多年历史，是米仓古道上的重要水码头，有“小上海”之称，明清古建筑保存完好。古镇至今保留着原汁原味的川北民俗，青石板路、吊脚楼与老茶馆构成了一幅鲜活的川东北水乡画卷。,cloud://cloud1-d2gphu7bt75dc5910.636c-cloud1-d2gphu7bt75dc5910-1464549430/sceneries/enyangguzhen.jpg,0,4.3,全天开放,春秋季
光雾山,5A,巴中市,巴中市南江县,106.80,32.65,被誉为“中国红叶第一山”，以喀斯特地貌、原始森林和绝美红叶景观闻名，是世界地质公园核心区。这里四季皆景，春赏杜鹃、夏避酷暑、秋观红叶、冬赏雾凇，是川东北的天然氧吧和摄影天堂。,cloud://cloud1-d2gphu7bt75dc5910.636c-cloud1-d2gphu7bt75dc5910-1464549430/sceneries/guangwushan.jpg,80,4.7,08:00-18:00,秋季（10-11月）
空山天盆,4A,巴中市,巴中市通江县,107.38,32.48,罕见的高山岩溶盆地景观，被誉为“世外桃源、人间仙境”，兼具自然风光与红色文化遗迹。这里四周群山环抱，中间是开阔平坦的高山草甸，云海翻涌时宛如仙境，是川北地区难得的高原风光秘境。,cloud://cloud1-d2gphu7bt75dc5910.636c-cloud1-d2gphu7bt75dc5910-1464549430/sceneries/kongshantianpen.jpg,0,4.2,全天开放,夏季（6-8月）
南龛石窟,4A,巴中市,巴中市巴州区,106.76,31.84,始凿于隋、盛于唐，现存176龛2700余尊造像，被誉为“盛唐彩雕，全国第一”，是全国重点文物保护单位。石窟造像风格多样、雕刻精美，色彩至今仍鲜艳夺目，是研究唐代巴蜀佛教艺术的重要实物资料。,cloud://cloud1-d2gphu7bt75dc5910.636c-cloud1-d2gphu7bt75dc5910-1464549430/sceneries/nankanshiku.jpg,40,4.4,08:30-17:30,全年
诺水河风景区,4A,巴中市,巴中市通江县,107.19,32.38,拥有128个喀斯特溶洞群，以“诺水洞天”奇观著称，是光雾山-诺水河世界地质公园核心区。洞内钟乳石千姿百态、地下河蜿蜒流淌，中峰洞、狮子洞等景点更是被誉为“天下第一洞”，宛如一座地下艺术宫殿。,cloud://cloud1-d2gphu7bt75dc5910.636c-cloud1-d2gphu7bt75dc5910-1464549430/sceneries/nuoshuihe.jpg,120,4.3,08:30-17:30,夏季（6-9月）
成都博物馆,国家一级博物馆,成都市,成都市青羊区,104.06,30.66,成都市规模最大的综合性博物馆，馆藏近20万件文物，以古蜀文明、秦汉三国、唐宋成都、明清民俗等主题展览为核心，完整展现了成都从先秦到近现代的千年历史脉络。,cloud://cloud1-d2gphu7bt75dc5910.636c-cloud1-d2gphu7bt75dc5910-1464549430/sceneries/chengdubowuguan.jpg,0,4.6,09:00-17:00（周一闭馆）,全年
成都动物园,4A,成都市,成都市成华区,104.09,30.68,西南地区规模较大、历史最悠久的城市动物园之一，饲养着大熊猫、金丝猴、长颈鹿、亚洲象等近300种、3000余只珍稀野生动物，集动物保护、科普教育、休闲游览于一体。,cloud://cloud1-d2gphu7bt75dc5910.636c-cloud1-d2gphu7bt75dc5910-1464549430/sceneries/chengdudongwuyuan.jpg,20,4.4,08:00-17:30,全年
春熙路,国家级步行街,成都市,成都市锦江区,104.07,30.66,成都最繁华的商业步行街，百年商脉与现代潮流在此交汇，汇聚了国际大牌、潮牌门店、网红美食和特色商圈，是成都潮流文化的核心地带。,cloud://cloud1-d2gphu7bt75dc5910.636c-cloud1-d2gphu7bt75dc5910-1464549430/sceneries/chunxilu.jpg,0,4.6,全天开放,全年
东郊记忆,4A,成都市,成都市成华区,104.11,30.66,由原国营红光电子管厂改造而成的工业风文创园区，完整保留了苏式建筑、工业管道、老旧机床等大量工业遗迹，是集音乐、文创、展览、餐饮、娱乐于一体的潮流打卡地。,cloud://cloud1-d2gphu7bt75dc5910.636c-cloud1-d2gphu7bt75dc5910-1464549430/sceneries/dongjiaojiyi.jpg,0,4.5,10:00-22:00,全年
都江堰-青城山,5A,成都市,成都市都江堰市,103.52,30.90,青城山是中国道教发源地之一，以“青城天下幽”闻名，清幽山林与道教宫观相映成趣，是自然景观与人文底蕴兼具的世界级景区。,cloud://cloud1-d2gphu7bt75dc5910.636c-cloud1-d2gphu7bt75dc5910-1464549430/sceneries/dujiangyanqingchengshan.jpg,80,4.6,08:00-17:30,春秋季
杜甫草堂,4A,成都市,成都市青羊区,104.03,30.66,唐代诗人杜甫流寓成都时的故居，是杜甫在成都居住近四年的地方，完整保留了茅屋故居、园林景观和馆藏文物，记录了杜甫“安得广厦千万间，大庇天下寒士俱欢颜”的理想与情怀。,cloud://cloud1-d2gphu7bt75dc5910.636c-cloud1-d2gphu7bt75dc5910-1464549430/sceneries/dufucaotang.jpg,50,4.5,08:00-18:00,全年
宽窄巷子,4A,成都市,成都市青羊区,104.06,30.67,由宽巷子、窄巷子、井巷子三条平行排列的清代古街巷组成，保留了老成都的青砖墙、四合院和市井风貌，汇聚了特色茶馆、文创店铺、美食小店和民俗表演。,cloud://cloud1-d2gphu7bt75dc5910.636c-cloud1-d2gphu7bt75dc5910-1464549430/sceneries/kuanzhaixiangzi.jpg,0,4.5,全天开放,全年
八台山,4A,达州市,达州市万源市,108.16,31.55,有着川东峨眉的美誉，主峰地势高耸，是四川观赏日出云海的绝佳之地。山间景致四季各不相同，春日杜鹃漫山盛放，冬日雪景纯净壮阔，悬空栈道、梯田风光错落分布，自然风貌雄奇秀美。,cloud://cloud1-d2gphu7bt75dc5910.636c-cloud1-d2gphu7bt75dc5910-1464549430/sceneries/bataishan.jpg,100,4.3,08:00-17:30,春秋季
巴山大峡谷,4A,达州市,达州市宣汉县,108.23,31.43,属于典型喀斯特峡谷地貌，峡谷纵深绵长，山林植被繁茂，空气清新宜人。景区囊括溶洞、溪流、峻岭多种景观，还留存古老巴文化印记，搭配浓郁土家族风情，是休闲避暑感受民俗的好去处。,cloud://cloud1-d2gphu7bt75dc5910.636c-cloud1-d2gphu7bt75dc5910-1464549430/sceneries/bashandaxiagu.jpg,120,4.4,08:00-17:00,夏季（6-9月）
賨人谷,4A,达州市,达州市渠县,106.95,30.85,古賨民族的文化发源地，山水风光灵动秀丽。崖壁存有古老穴居遗迹与悬棺景观，地下溶洞钟乳石形态各异，地下暗河流水潺潺，自然山水与千年人文历史相互交融，底蕴十足。,cloud://cloud1-d2gphu7bt75dc5910.636c-cloud1-d2gphu7bt75dc5910-1464549430/sceneries/congrengu.jpg,49,4.2,08:30-17:30,春夏秋季
真佛山,4A,达州市,达州市达川区,107.52,31.08,少见的儒释道三教融合圣地，古寺建筑群依山修建，楼阁古雅精巧。四周林木葱郁，时常云雾缭绕，宗教文化氛围浓厚，登高望远视野开阔，适合静心游览感悟文化魅力。,cloud://cloud1-d2gphu7bt75dc5910.636c-cloud1-d2gphu7bt75dc5910-1464549430/sceneries/zhenfoshan.jpg,38,4.2,08:00-18:00,全年
凤凰山,4A,达州市,达州市通川区,107.49,31.22,达州标志性城市山林公园，山体形态形似凤凰。园内设有纪念馆、亭台楼阁，承载本地历史文化与红色记忆，登顶可俯瞰整座城市全貌，日常休闲登高游玩十分合适。,cloud://cloud1-d2gphu7bt75dc5910.636c-cloud1-d2gphu7bt75dc5910-1464549430/sceneries/fenghuangshan.jpg,0,4.3,全天开放,全年
五峰山国家森林公园,4A,达州市,达州市大竹县,107.22,30.77,坐拥大片连片竹海，满眼翠绿清幽静谧，享有川东竹海的美名。园内溪流山石相伴，生态环境优越，依托竹林打造特色景观，沉浸式体验独特的竹乡自然风光。,cloud://cloud1-d2gphu7bt75dc5910.636c-cloud1-d2gphu7bt75dc5910-1464549430/sceneries/wufengshan.jpg,50,4.2,08:00-18:00,夏季（6-9月）
三星堆博物馆,4A,德阳市,德阳市广汉市,104.22,31.00,享誉世界的古蜀文明遗址，出土大量造型奇特的青铜器物、黄金饰品，文物风格神秘独特，见证了悠久灿烂的上古巴蜀文化，极具考古与观赏价值。,cloud://cloud1-d2gphu7bt75dc5910.636c-cloud1-d2gphu7bt75dc5910-1464549430/sceneries/sanxingdui.jpg,72,4.8,08:30-18:00,全年
白马关景区,4A,德阳市,德阳市罗江区,104.47,31.28,知名三国历史文化胜地，留存庞统祠、落凤坡等历史遗迹，古道山林风光秀美，历史典故丰富，漫步其间能够感受浓厚的三国人文气息。,cloud://cloud1-d2gphu7bt75dc5910.636c-cloud1-d2gphu7bt75dc5910-1464549430/sceneries/baimaguuan.jpg,40,4.3,08:30-17:30,春秋季
绵竹年画村,4A,德阳市,德阳市绵竹市,104.23,31.28,国家级非遗年画传承基地，村落民居色彩艳丽，处处布满年画元素，民俗氛围浓厚，还能亲手体验年画制作技艺，田园景致惬意舒心。,cloud://cloud1-d2gphu7bt75dc5910.636c-cloud1-d2gphu7bt75dc5910-1464549430/sceneries/mianzhunianhuacun.jpg,0,4.4,09:00-17:00,全年
德阳文庙,全国重点文物保护单位,德阳市,德阳市旌阳区,104.39,31.13,西南地区规模宏大、保存完好的古建筑群，殿宇气势雄伟，建筑工艺精巧，承载深厚儒家文化底蕴，是感受传统礼制文化的好去处。,cloud://cloud1-d2gphu7bt75dc5910.636c-cloud1-d2gphu7bt75dc5910-1464549430/sceneries/deyangwenmiao.jpg,0,4.4,09:00-17:00,全年
德阳石刻公园,城市休闲景区,德阳市,德阳市旌阳区,104.40,31.14,拥有超长巨型石刻艺术墙，浮雕雕刻栩栩如生，汇聚历史人文故事，雕塑景观气势磅礴，绿植环绕环境清幽，是市民休闲游玩的好去处。,cloud://cloud1-d2gphu7bt75dc5910.636c-cloud1-d2gphu7bt75dc5910-1464549430/sceneries/deyangshikegongyuan.jpg,0,4.3,全天开放,全年
孝泉古镇,4A,德阳市,德阳市旌阳区,104.28,31.25,历史悠久的孝文化古镇，留存诸多明清古建筑与古塔庙宇，民风淳朴，传统文化底蕴深厚，街巷间可以品尝当地特色风味小吃。,cloud://cloud1-d2gphu7bt75dc5910.636c-cloud1-d2gphu7bt75dc5910-1464549430/sceneries/xiaoquanguzhen.jpg,0,4.2,全天开放,全年
稻城亚丁,5A,甘孜藏族自治州,甘孜州稻城县,100.28,28.36,被誉为蓝色星球上最后一片纯净净土，深藏在横断山脉深处。这里雪山连绵不绝，湖水澄澈通透，草甸辽阔柔软，空气干净得不染一丝尘埃。,cloud://cloud1-d2gphu7bt75dc5910.636c-cloud1-d2gphu7bt75dc5910-1464549430/sceneries/daochengyading.jpg,146,4.7,07:00-17:00,秋季（9-10月）
海螺沟,5A,甘孜藏族自治州,甘孜州泸定县,102.02,29.58,隐匿在川西深山之中，是国内罕见的低海拔现代冰川秘境。亿万年地质变迁造就了壮阔的大冰瀑布，晶莹的冰川倾泻而下，气势磅礴震撼人心。,cloud://cloud1-d2gphu7bt75dc5910.636c-cloud1-d2gphu7bt75dc5910-1464549430/sceneries/hailuogou.jpg,90,4.5,08:00-17:00,秋冬季（11-3月）
木格措,4A,甘孜藏族自治州,甘孜州康定市,101.85,30.18,承载着浪漫的康定情歌传说，是川西最温柔的高山湖泊景区。辽阔的木格措圣湖被连绵雪山环抱，湖水湛蓝清澈，随着光线变幻出不同色彩。,cloud://cloud1-d2gphu7bt75dc5910.636c-cloud1-d2gphu7bt75dc5910-1464549430/sceneries/mugecuo.jpg,105,4.5,08:00-17:30,秋季（9-11月）
墨石公园,4A,甘孜藏族自治州,甘孜州道孚县,101.47,30.77,川西独一无二的异域星球地质奇观，是历经千万年地壳运动形成的糜棱岩石林。整片山体呈现出神秘的灰墨色，岩石形态嶙峋奇特、错落有致，随阳光角度变换呈现黑、蓝、灰多种色调。,cloud://cloud1-d2gphu7bt75dc5910.636c-cloud1-d2gphu7bt75dc5910-1464549430/sceneries/moshigongyuan.jpg,60,4.4,08:30-17:30,夏季（6-8月）
甲居藏寨,4A,甘孜藏族自治州,甘孜州丹巴县,101.90,30.90,被誉为中国最美乡村古镇，是百年嘉绒藏族聚居村落。错落有致的藏式碉楼依山而建，白墙红檐点缀在青山绿树之间，层层叠叠、古朴雅致。,cloud://cloud1-d2gphu7bt75dc5910.636c-cloud1-d2gphu7bt75dc5910-1464549430/sceneries/jiajucangzhai.jpg,50,4.5,全天开放,春季（3-4月）
泸定桥,4A,甘孜藏族自治州,甘孜州泸定县,102.23,29.92,横跨汹涌大渡河的百年铁索古桥，承载着厚重的红色革命历史。百余根铁索凌空横跨江面，脚下江水奔腾呼啸，风吹铁索微微摇晃，惊险壮阔。,cloud://cloud1-d2gphu7bt75dc5910.636c-cloud1-d2gphu7bt75dc5910-1464549430/sceneries/ludingqiao.jpg,10,4.4,08:00-18:00,全年
邓小平故里旅游区,5A,广安市,广安市广安区,106.6365,30.5185,青瓦白墙的三合院里，时光仿佛停留在了邓小平的少年时代。从朴素的故居到庄严肃穆的铜像广场，再到全面展现伟人一生的陈列馆，这里的一草一木都在轻声诉说着一位中国改革开放总设计师的初心与家国情怀。,cloud://cloud1-d2gphu7bt75dc5910.636c-cloud1-d2gphu7bt75dc5910-1464549430/sceneries/dengxiaopingguli.jpg,0,4.7,09:00-17:00,全年
华蓥山旅游区,4A,广安市,广安市华蓥市,106.8167,30.3094,这里的石头会讲故事。亿万年风雨雕琢出的喀斯特石林，像无数巨人在林间沉睡；而“双枪老太婆”的传说，又为这片山林染上了红色的热血与传奇。,cloud://cloud1-d2gphu7bt75dc5910.636c-cloud1-d2gphu7bt75dc5910-1464549430/sceneries/huayingshan.jpg,95,4.3,08:00-17:30,夏季（避暑）
天意谷,4A,广安市,广安市邻水县,106.8091,30.2630,沿着幽深的地缝一路向下，忽然，一道百米高的瀑布从山洞里奔涌而出，水声轰鸣，水雾漫天，这就是被称为“亚洲罕见洞中天河”的奇观。,cloud://cloud1-d2gphu7bt75dc5910.636c-cloud1-d2gphu7bt75dc5910-1464549430/sceneries/tianyigu.jpg,55,4.3,08:30-17:00,夏季（6-9月）
宝箴塞,4A,广安市,广安市武胜县,106.0712,30.3484,这是一座活的清代军事古堡。108道石门、8个天井，层层设防，像一个巨大的迷宫。段家大院的雕花木窗里，藏着曾经的烟火；高耸的碉楼上，仿佛还能听见过去的号角声。,cloud://cloud1-d2gphu7bt75dc5910.636c-cloud1-d2gphu7bt75dc5910-1464549430/sceneries/baozhensai.jpg,25,4.2,08:30-17:30,全年
神龙山巴人石头城,4A,广安市,广安市广安区,106.6450,30.4610,广安城边的这座石头城，是古巴国留给后人的密码。两千多米长的战国石城墙依山而建，瓮城、龙门关层层递进，站城墙可俯瞰全城。,cloud://cloud1-d2gphu7bt75dc5910.636c-cloud1-d2gphu7bt75dc5910-1464549430/sceneries/shenlongshan.jpg,0,4.1,08:00-18:00,全年
岳池低坑大瀑布,3A,广安市,广安市岳池县,106.1829,30.4634,当宽达130米的瀑布从崖壁上倾泻而下，水雾在阳光下织出彩虹，这就是被称为“亚洲第一宽瀑”的低坑大瀑布。你可以沿着步道走到瀑布脚下，甚至穿过水帘洞。,cloud://cloud1-d2gphu7bt75dc5910.636c-cloud1-d2gphu7bt75dc5910-1464549430/sceneries/yuechidikeng.jpg,40,4.2,08:30-17:30,夏季（6-9月）
剑门蜀道剑门关旅游景区,5A,广元市,广元市剑阁县,105.5531,32.2036,两崖如剑立，一门扼蜀道。这里藏着姜维守关的铁血往事，也留着李白“蜀道难，难于上青天”的千古喟叹。踏上悬空鸟道，脚下是万丈深渊，眼前是千年雄关。,cloud://cloud1-d2gphu7bt75dc5910.636c-cloud1-d2gphu7bt75dc5910-1464549430/sceneries/jianmenguan.jpg,105,4.5,08:00-17:30,春秋季
昭化古城,4A,广元市,广元市昭化区,105.7113,32.3344,青石板踏过三国烽烟，葭萌关藏着蜀汉兴衰。费祎墓前柏影婆娑，古戏楼里仍在唱着千年兴亡。红灯笼映着明清黛瓦，一砖一瓦，都是活着的巴蜀旧时光。,cloud://cloud1-d2gphu7bt75dc5910.636c-cloud1-d2gphu7bt75dc5910-1464549430/sceneries/zhaohuagucheng.jpg,45,4.3,全天开放,全年
翠云廊,4A,广元市,广元市剑阁县,105.4987,32.1752,三百里古柏连天际，张飞植柏的传说在风里流淌。2300岁的剑阁柏守着千年古道，阳光穿叶成金，每一道年轮都刻着蜀道的温柔与沧桑，被称为“蜀道活化石”。,cloud://cloud1-d2gphu7bt75dc5910.636c-cloud1-d2gphu7bt75dc5910-1464549430/sceneries/cuiyunlang.jpg,40,4.4,08:30-17:30,春秋季
皇泽寺,4A,广元市,广元市利州区,105.8235,32.4461,嘉陵江畔，凤凰山下，这里是全国唯一的女皇祀庙。则天殿里的真容石刻，摩崖壁上的千佛造像，都在静静诉说着一代女皇武则天的传奇人生。,cloud://cloud1-d2gphu7bt75dc5910.636c-cloud1-d2gphu7bt75dc5910-1464549430/sceneries/huangzesi.jpg,50,4.4,08:30-17:30,全年
千佛崖,4A,广元市,广元市利州区,105.8443,32.4744,峭壁临江，七千尊佛龛密如蜂巢。从西魏到盛唐，匠人的凿声穿越千年。最小的佛像仅三厘米，眉眼清晰；最大的造像临江而立，看尽嘉陵江潮起潮落。,cloud://cloud1-d2gphu7bt75dc5910.636c-cloud1-d2gphu7bt75dc5910-1464549430/sceneries/qianfoya.jpg,50,4.4,08:30-17:30,全年
明月峡,4A,广元市,广元市朝天区,105.9027,32.6259,古今六道同框的奇观在此上演，古栈道、驿道、公路、铁路并行不悖。栈孔里藏着先民的血汗，现代列车呼啸而过，一步千年，一边是蜀道难的悲壮，一边是山河新篇的壮阔。,cloud://cloud1-d2gphu7bt75dc5910.636c-cloud1-d2gphu7bt75dc5910-1464549430/sceneries/mingyuexia.jpg,80,4.3,08:00-18:00,春秋季
乐山大佛,5A,乐山市,乐山市市中区,103.7798,29.5452,岷江、青衣江、大渡河三江汇流处，一尊千年大佛临江而坐。从唐代工匠凿山造佛，到如今三江汇流的壮阔，每一道皱纹里都藏着千年的禅意与护佑。,cloud://cloud1-d2gphu7bt75dc5910.636c-cloud1-d2gphu7bt75dc5910-1464549430/sceneries/leshandafo.jpg,80,4.6,08:00-18:00,春秋季
峨眉山,5A,乐山市,乐山市峨眉山市,103.4823,29.5407,“峨眉天下秀”，云海翻涌、金顶佛光，千年古刹藏于云雾间。从报国寺到万佛顶，一路走过，是佛国的清幽，也是川蜀的灵秀，日出云海皆是人间仙境。,cloud://cloud1-d2gphu7bt75dc5910.636c-cloud1-d2gphu7bt75dc5910-1464549430/sceneries/emeishan.jpg,185,4.7,全天开放,全年
苏稽古镇,4A,乐山市,乐山市市中区,103.7156,29.5814,青衣江畔的千年古镇，青石板路上藏着老乐山的烟火气。跷脚牛肉的香气飘满老街，乌木博物馆里藏着时光的沉淀，一步一景，都是慢下来的川味日常。,cloud://cloud1-d2gphu7bt75dc5910.636c-cloud1-d2gphu7bt75dc5910-1464549430/sceneries/sujiguzhen.jpg,0,4.3,全天开放,全年
黑竹沟,4A,乐山市,乐山市峨边彝族自治县,103.1345,29.0021,被誉为“中国百慕大”的神秘秘境，原始森林、高山海子、彝族风情交织。迷雾笼罩的森林藏着无数传说，也是大熊猫的栖息地，每一步都像是走进了自然的奇幻秘境。,cloud://cloud1-d2gphu7bt75dc5910.636c-cloud1-d2gphu7bt75dc5910-1464549430/sceneries/heizhugou.jpg,50,4.2,08:30-17:30,夏季（6-9月）
嘉阳桫椤湖景区,4A,乐山市,乐山市犍为县,103.9327,29.1936,全世界唯一仍在运行的蒸汽窄轨小火车，穿过金黄的油菜花田，鸣着汽笛穿越时光隧道。桫椤湖的翠绿与蒸汽机车的复古交织，像一场开往春天的怀旧之旅。,cloud://cloud1-d2gphu7bt75dc5910.636c-cloud1-d2gphu7bt75dc5910-1464549430/sceneries/jiayangsuoluohu.jpg,80,4.6,08:00-17:00,春季（2-4月）
罗城古镇,4A,乐山市,乐山市犍为县,104.0345,29.2317,被誉为“东方诺亚方舟”，船形街的明清建筑至今保存完好。青瓦木檐下，老茶馆里人声鼎沸，一杯盖碗茶、一场川剧变脸，都是活在当下的明清烟火。,cloud://cloud1-d2gphu7bt75dc5910.636c-cloud1-d2gphu7bt75dc5910-1464549430/sceneries/luochengguzhen.jpg,0,4.3,全天开放,全年
邛海泸山风景区,4A,凉山彝族自治州,凉山州西昌市,102.2789,27.8762,四川第二大天然淡水湖，湖水澄澈碧波万顷。山间古寺静谧，湖畔四季风光不同，冬日群鸥齐飞，晨起环湖清风拂面，藏尽川西温柔湖山意境。,cloud://cloud1-d2gphu7bt75dc5910.636c-cloud1-d2gphu7bt75dc5910-1464549430/sceneries/qionghailushan.jpg,0,4.5,全天开放,全年
螺髻山旅游景区,4A,凉山彝族自治州,凉山州普格县,102.4135,27.3946,千峰叠翠、冰川海子星罗棋布，山间杜鹃漫山遍野。独有九十九里温泉瀑布依山而落，天然野趣，是藏在凉山深处的自然秘境。,cloud://cloud1-d2gphu7bt75dc5910.636c-cloud1-d2gphu7bt75dc5910-1464549430/sceneries/luojishan.jpg,130,4.4,08:00-17:30,夏季（5-8月）
泸沽湖（凉山盐源段）,4A,凉山彝族自治州,凉山州盐源县,100.7792,27.7531,高原明镜嵌于群山之间，湖水清澈透亮。承载古老摩梭走婚文化，走婚桥、情人滩、女神湾风光治愈，每一帧都是人间净土。,cloud://cloud1-d2gphu7bt75dc5910.636c-cloud1-d2gphu7bt75dc5910-1464549430/sceneries/luguhu.jpg,70,4.6,全天开放,全年
建昌古城,无评级（历史景区）,凉山彝族自治州,凉山州西昌市,102.2675,27.8814,历经六百年风雨的明代古城，青砖黛瓦古巷幽深。夜幕灯火璀璨，古楼巍峨，街巷烟火缭绕，尽显大凉山下的古城韵味。,cloud://cloud1-d2gphu7bt75dc5910.636c-cloud1-d2gphu7bt75dc5910-1464549430/sceneries/jianchanggucheng.jpg,0,4.3,全天开放,全年
凉山彝族奴隶社会博物馆,专题文博景区,凉山彝族自治州,凉山州西昌市,102.2766,27.8745,全国唯一的彝族奴隶社会专题博物馆，馆藏千年彝族文物，完整记录凉山彝族古老民俗、历史变迁与民族文化底蕴。,cloud://cloud1-d2gphu7bt75dc5910.636c-cloud1-d2gphu7bt75dc5910-1464549430/sceneries/yizubowuguan.jpg,0,4.4,09:00-17:00（周一闭馆）,全年
会理古城,4A,凉山彝族自治州,凉山州会理市,102.0478,28.0793,千年川滇边陲古城，明清古建保存完好。钟鼓楼矗立城中，古巷古朴雅致，兼具川风滇韵，秋日满城石榴飘香，风情独特。,cloud://cloud1-d2gphu7bt75dc5910.636c-cloud1-d2gphu7bt75dc5910-1464549430/sceneries/huiligucheng.jpg,0,4.3,全天开放,全年
富顺文庙,4A,自贡市,自贡富顺,105.0037,29.1784,富顺文庙西湖景区，是自贡富顺的文脉与诗意地标。始建于宋代的文庙，飞檐翘角承载着千年文风，是川南保存最完整的文庙之一。不远处的西湖清波荡漾，古桥、垂柳与文庙交相辉映。,cloud://cloud1-d2gphu7bt75dc5910.636c-cloud1-d2gphu7bt75dc5910-1464549430/sceneries/fushunwenmiao.jpg,9.9,4.3,08:30-17:30,春季
尖山风景区,4A,自贡市,自贡,104.6552,29.2656,尖山风景区是自贡近郊的天然氧吧，以山林、湖泊与四季花海闻名。春日桃花漫山盛放，如云霞落满枝头；夏日湖水清幽，泛舟湖上可享清凉。,cloud://cloud1-d2gphu7bt75dc5910.636c-cloud1-d2gphu7bt75dc5910-1464549430/sceneries/jianshan.jpg,20,4.2,08:00-18:00,春季（3-4月）
江姐故里,无A级,自贡市,自贡,104.8432,29.3651,江姐故里，是红岩精神的重要传承地，位于自贡大安区。这里是江竹筠烈士的故乡，故居里的老物件、复原的场景，诉说着她从普通女孩成长为革命战士的历程。,cloud://cloud1-d2gphu7bt75dc5910.636c-cloud1-d2gphu7bt75dc5910-1464549430/sceneries/jianggujuli.jpg,0,4.5,09:00-17:00（周一闭馆）,全年
恐龙博物馆,4A,自贡市,自贡,104.8289,29.3959,自贡恐龙博物馆，是世界三大恐龙遗址博物馆之一，被誉为“恐龙公墓”。馆内保存着大量侏罗纪时期的恐龙化石，包括完整的骨架标本、埋藏现场遗迹。,cloud://cloud1-d2gphu7bt75dc5910.636c-cloud1-d2gphu7bt75dc5910-1464549430/sceneries/konglongbowuguan.jpg,40,4.6,08:30-17:30,全年
仙市古镇,4A,自贡市,自贡,104.7853,29.3721,仙市古镇，是茶马古道上的千年码头，曾是自贡盐运的重要驿站。古镇依河而建，青石板路蜿蜒曲折，古码头、古寺庙、古民居错落有致。,cloud://cloud1-d2gphu7bt75dc5910.636c-cloud1-d2gphu7bt75dc5910-1464549430/sceneries/xianshiguzhen.jpg,0,4.2,全天开放,全年
中国彩灯大世界,4A,自贡市,自贡,104.7688,29.3515,中华彩灯大世界，是自贡灯会的核心举办地，被誉为“灯界天花板”。每届灯会期间，这里都会打造上百组大型灯组，夜晚的园区灯火璀璨，仿佛置身梦幻的童话世界。,cloud://cloud1-d2gphu7bt75dc5910.636c-cloud1-d2gphu7bt75dc5910-1464549430/sceneries/caidengdashijie.jpg,118,4.8,17:00-22:30（春节期间）,春节前后
方特恐龙王国,4A,自贡市,自贡,104.84,29.37,以恐龙文化为主题的大型高科技乐园，融合远古文明与现代科技，打造沉浸式侏罗纪世界。,cloud://cloud1-d2gphu7bt75dc5910.636c-cloud1-d2gphu7bt75dc5910-1464549430/sceneries/fangtekonglong.jpg,280,4.5,09:30-17:30,全年
圆觉洞景区,4A,资阳市,资阳市安岳县,105.34445,30.08744,安岳石刻的核心代表，现存唐宋造像1933尊，以“西方三圣”和十二圆觉菩萨造像最为震撼，是了解安岳石刻艺术的入门首选。,cloud://cloud1-d2gphu7bt75dc5910.636c-cloud1-d2gphu7bt75dc5910-1464549430/sceneries/yuanjuedong.jpg,28,4.4,08:30-17:30,全年
毗卢洞文物景区,全国重点文保单位,资阳市,资阳市安岳县石羊镇,105.622215,29.925089,以“东方维纳斯”紫竹观音造像闻名，是宋代石刻艺术的巅峰之作，造像神态随视角变化而变化，极具艺术魅力。,cloud://cloud1-d2gphu7bt75dc5910.636c-cloud1-d2gphu7bt75dc5910-1464549430/sceneries/piludong.jpg,25,4.5,08:30-17:30,全年
安岳卧佛院,全国重点文保单位,资阳市,资阳市安岳县卧佛镇,105.322136,30.301448,拥有全国最长的唐代左侧释迦牟尼卧佛（全长21.3米），崖壁还留存大量唐代佛经石刻，兼具宗教与考古价值。,cloud://cloud1-d2gphu7bt75dc5910.636c-cloud1-d2gphu7bt75dc5910-1464549430/sceneries/anyuewofoyuan.jpg,15,4.4,08:30-17:30,全年
陈毅故里景区,4A,资阳市,资阳市乐至县劳动镇,104.952992,30.378915,开国元帅陈毅的故乡，包含故居、生平陈列馆、铜像广场等40余处景点，是集红色教育与田园风光于一体的爱国主义教育基地。,cloud://cloud1-d2gphu7bt75dc5910.636c-cloud1-d2gphu7bt75dc5910-1464549430/sceneries/chenyiguli.jpg,0,4.5,09:00-17:00,全年
方特国色春秋,大型文化主题乐园,资阳市,资阳市雁江区,104.577209,30.190114,以中华文明为脉络，融合巴蜀文化与石刻元素，拥有《石窟奇遇》《神话》等沉浸式项目，是资阳亲子游和年轻人打卡的热门地。,cloud://cloud1-d2gphu7bt75dc5910.636c-cloud1-d2gphu7bt75dc5910-1464549430/sceneries/fangteguose.jpg,280,4.5,09:30-17:30,全年
乐至报国寺,国家AA级景区、市级重点文保单位,资阳市,资阳市乐至县龙门乡,105.0123,30.2876,始建于隋开皇二年（582年），川中千年古刹，有“蜀中净土”之称。以“树抱佛”摩崖造像、缅甸玉佛、宋明石棺为“三绝”，园林式寺院，清幽古朴。,cloud://cloud1-d2gphu7bt75dc5910.636c-cloud1-d2gphu7bt75dc5910-1464549430/sceneries/baoguosi.jpg,0,4.3,08:00-17:00,全年
蜀南竹海,4A,宜宾市,宜宾市长宁县竹海镇,104.9235,28.4321,相传古时长宁山民爱竹护竹，千年培育成万亩竹海。北宋黄庭坚到此赞叹“竹波万里”，竹海藏古寺、飞瀑流泉，清风穿竹如浪涛，侠影江湖与田园诗意在此相融。,cloud://cloud1-d2gphu7bt75dc5910.636c-cloud1-d2gphu7bt75dc5910-1464549430/sceneries/shunanzhuhai.jpg,100,4.5,08:00-17:30,春秋季
翠屏山景区,2A，城市森林公园,宜宾市,宜宾市翠屏区,104.6135,28.7821,相传哪吒曾在此修炼，千年行宫香火不绝。近代赵一曼烈士在此留下革命足迹，青山埋忠骨。翠屏叠翠、三江环绕，山林藏古迹，红绿相融。,cloud://cloud1-d2gphu7bt75dc5910.636c-cloud1-d2gphu7bt75dc5910-1464549430/sceneries/cuipingshan.jpg,0,4.2,08:00-18:00,全年
合江门（冠英古街）,城市地标、历史文化街区,宜宾市,宜宾市翠屏区合江门广场,104.6256,28.7789,千年以来，合江门便是宜宾门户，两江汇流成长江，开启万里航程。明代筑城设关，古街商贾云集，今时灯火映江，古今交融，诉说“万里长江第一城”的岁月风华。,cloud://cloud1-d2gphu7bt75dc5910.636c-cloud1-d2gphu7bt75dc5910-1464549430/sceneries/hejiangmen.jpg,0,4.4,全天开放,全年
李庄古镇,4A,宜宾市,宜宾市翠屏区李庄镇,104.7893,28.7126,千年古镇静卧长江之畔，明代已成商贸重镇。抗战烽火中，同济、中研院等机构西迁于此，青砖黛瓦间弦歌不辍，文脉与江涛共鸣，成为民族精神的涵养地与文化重镇。,cloud://cloud1-d2gphu7bt75dc5910.636c-cloud1-d2gphu7bt75dc5910-1464549430/sceneries/lizhuangguzhen.jpg,20,4.5,全天开放,全年
五粮液旅游景区,4A,宜宾市,宜宾市翠屏区岷江西路,104.6218,28.7754,宜宾自古盛产佳酿，明初陈氏建窖酿酒，传承至今成五粮液传奇。千年窖池生生不息，古法酿造匠心坚守，一江清水酿醇香，一座酒城醉天下。,cloud://cloud1-d2gphu7bt75dc5910.636c-cloud1-d2gphu7bt75dc5910-1464549430/sceneries/wuliangye.jpg,0,4.5,09:00-17:00,全年
兴文石海,4A,宜宾市,宜宾市兴文县石海镇,105.1472,28.2215,远古僰人在此繁衍生息，凿山为居、悬棺崖壁，留下千古葬俗之谜。亿万年地质运动造就石海、天坑、溶洞奇观，苗乡风情与奇山异水相融。,cloud://cloud1-d2gphu7bt75dc5910.636c-cloud1-d2gphu7bt75dc5910-1464549430/sceneries/xingwenshihai.jpg,80,4.4,08:30-17:30,全年
碧峰峡,5A,雅安市,雅安市雨城区碧峰峡镇,103.0333,30.0500,全国唯一以大熊猫为主题的5A级景区，由峡谷风景区、野生动物园、大熊猫基地组成，森林覆盖率95%，瀑布溪流密布，是熊猫家园与天然氧吧。,cloud://cloud1-d2gphu7bt75dc5910.636c-cloud1-d2gphu7bt75dc5910-1464549430/sceneries/bifengxia.jpg,100,4.6,08:30-16:30,全年
达瓦更扎,4A,雅安市,雅安市宝兴县硗碛藏族乡,102.7890,30.1234,“亚洲通达最好的360°观景平台”，海拔3900米，可观云海、日出、佛光、贡嘎群峰，藏族风情浓郁，高山草甸风光壮丽。,cloud://cloud1-d2gphu7bt75dc5910.636c-cloud1-d2gphu7bt75dc5910-1464549430/sceneries/dawagengzha.jpg,60,4.5,05:00-17:00,春秋季
二郎山喇叭河,4A,雅安市,雅安市天全县,102.3000,30.4000,原始生态秘境，森林茂密，溪流瀑布成群，有网红鹿池、云海索道，春赏杜鹃、秋观彩林，野生水鹿常出没，被誉为“川西小九寨”。,cloud://cloud1-d2gphu7bt75dc5910.636c-cloud1-d2gphu7bt75dc5910-1464549430/sceneries/erlangshanlabahe.jpg,50,4.4,08:00-17:30,秋季（10-11月）
蒙顶山,4A,雅安市,雅安市名山区蒙顶山镇,103.0477,30.0759,“扬子江中水，蒙山顶上茶”，世界茶文化圣山，川藏茶马古道起点，千年贡茶园、古寺林立，可体验采茶制茶与非遗茶艺。,cloud://cloud1-d2gphu7bt75dc5910.636c-cloud1-d2gphu7bt75dc5910-1464549430/sceneries/mengdingshan.jpg,45,4.4,08:30-17:00,春季（3-5月）
牛背山,无,雅安市,雅安市荥经县牛背山镇,102.2980,29.2016,中国最大360°观景平台，海拔3660米，四面环山中间突起，云海、日出、星空、贡嘎群峰尽收眼底，被誉为“亚洲最美观景台”。,cloud://cloud1-d2gphu7bt75dc5910.636c-cloud1-d2gphu7bt75dc5910-1464549430/sceneries/niubeishan.jpg,0,4.6,全天开放,秋冬春季
上里古镇,4A,雅安市,雅安市雨城区上里镇,103.1245,30.1678,川西明清古镇，南方丝绸之路驿站，依山傍水，青石板路、吊脚楼、古桥古树相映，韩家大院木雕精湛，水墨田园风光如画。,cloud://cloud1-d2gphu7bt75dc5910.636c-cloud1-d2gphu7bt75dc5910-1464549430/sceneries/shangli.jpg,40,4.3,全天开放,全年
广德寺,4A,遂宁市,遂宁市船山区,105.3300,30.2300,皇家禅林，明代圣旨坊、九龙碑、缅甸玉佛，观音道场核心，红墙古刹、香火旺盛。,cloud://cloud1-d2gphu7bt75dc5910.636c-cloud1-d2gphu7bt75dc5910-1464549430/sceneries/guangdesi.jpg,50,4.4,08:00-17:30,全年
灵泉寺,4A,遂宁市,遂宁市船山区,105.3500,30.2200,隋代古刹，三眼灵泉，七层佛阁瞰涪江，观音文化核心地，二月十九庙会极盛。,cloud://cloud1-d2gphu7bt75dc5910.636c-cloud1-d2gphu7bt75dc5910-1464549430/sceneries/lingquansi.jpg,45,4.3,08:00-17:30,全年
龙凤古镇,4A,遂宁市,遂宁市船山区,105.2800,30.2000,涪江畔明清古镇，古街、古桥、古民居，观音文化民俗浓郁，夜景璀璨、烟火气足。,cloud://cloud1-d2gphu7bt75dc5910.636c-cloud1-d2gphu7bt75dc5910-1464549430/sceneries/longfengguzhen.jpg,0,4.2,全天开放,全年
圣莲岛,4A,遂宁市,遂宁市船山区,105.5902,30.5126,涪江江心生态岛，以荷花文化为核心，坐拥全球最大荷花主题公园,cloud://cloud1-d2gphu7bt75dc5910.636c-cloud1-d2gphu7bt75dc5910-1464549430/sceneries/shengliandao.jpg,0,4.3,08:30-18:00,夏季（6-8月）
四川宋瓷博物馆,4A,遂宁市,遂宁市船山区,105.3400,30.2400,国内唯一宋瓷专题馆，藏上千件宋瓷，含国宝级龙泉窑青釉荷叶盖罐，“千峰翠色”。,cloud://cloud1-d2gphu7bt75dc5910.636c-cloud1-d2gphu7bt75dc5910-1464549430/sceneries/songcibowuguan.jpg,0,4.6,09:00-17:00（周一闭馆）,全年
中国死海,4A,遂宁市,遂宁市大英县,105.0300,30.3500,1.5亿年古盐湖，内陆高浓度盐卤水，可漂浮、盐疗、黑泥养生，西南罕见盐湖度假地。,cloud://cloud1-d2gphu7bt75dc5910.636c-cloud1-d2gphu7bt75dc5910-1464549430/sceneries/zhongguosihai.jpg,180,4.3,09:00-18:00,夏季（6-9月）
二滩国家森林公园,4A,攀枝花市,攀枝花市盐边县,101.7215,26.7487,亚洲第一高坝+高峡平湖，工业与自然奇观融合,cloud://cloud1-d2gphu7bt75dc5910.636c-cloud1-d2gphu7bt75dc5910-1464549430/sceneries/ertan.jpg,4,4.3,全天开放,全年
凤凰花公园,无（城市主题公园）,攀枝花市,攀枝花市东区,101.73,26.59,四川最大凤凰花主题公园，500亩花海，2万余株凤凰树，是攀枝花“花城”名片核心打卡地,cloud://cloud1-d2gphu7bt75dc5910.636c-cloud1-d2gphu7bt75dc5910-1464549430/sceneries/fenghuanghuagongyuan.jpg,0,4.4,全天开放,夏季（5-7月）
格萨拉生态旅游区,4A,攀枝花市,攀枝花市盐边县,101.4123,26.9245,“天然地质博物馆”，高山草甸、天坑地漏、彝族风情,cloud://cloud1-d2gphu7bt75dc5910.636c-cloud1-d2gphu7bt75dc5910-1464549430/sceneries/gesala.jpg,60,4.2,08:00-17:30,夏季（6-9月）
金沙江大峡谷,无（省级知名景观）,攀枝花市,攀枝花市仁和区,101.83,26.46,川滇交界的攀西大裂谷核心景观，俯瞰金沙江大拐弯与峡谷绝壁风光，视野壮阔,cloud://cloud1-d2gphu7bt75dc5910.636c-cloud1-d2gphu7bt75dc5910-1464549430/sceneries/jinshajiangdaxiagu.jpg,0,4.3,全天开放,全年
三线建设博物馆,国家二级博物馆,攀枝花市,攀枝花市仁和区,101.7334,26.5208,全国最大三线主题馆，工业遗产活化石,cloud://cloud1-d2gphu7bt75dc5910.636c-cloud1-d2gphu7bt75dc5910-1464549430/sceneries/sanxianjianshe.jpg,0,4.5,09:00-17:00（周一闭馆）,全年
迤沙拉村,4A,攀枝花市,攀枝花市仁和区,101.8321,26.4578,中国最大俚濮彝族聚居地，红墙青瓦千年马帮古村,cloud://cloud1-d2gphu7bt75dc5910.636c-cloud1-d2gphu7bt75dc5910-1464549430/sceneries/yishalacun.jpg,0,4.2,全天开放,全年
大千园景区,4A,内江市,内江市东兴区,105.06,29.58,国画大师张大千故里，全球最大大千文化主题公园，藏书画真迹与敦煌壁画临摹品,cloud://cloud1-d2gphu7bt75dc5910.636c-cloud1-d2gphu7bt75dc5910-1464549430/sceneries/daqianyuan.jpg,0,4.4,09:00-17:00,全年
范长江纪念馆,4A,内江市,内江市东兴区,105.10,29.60,新闻巨子范长江故居及纪念馆，展示中国新闻事业发展历程，红色文化教育基地,cloud://cloud1-d2gphu7bt75dc5910.636c-cloud1-d2gphu7bt75dc5910-1464549430/sceneries/fanchangjiang.jpg,0,4.3,09:00-17:00（周一闭馆）,全年
隆昌古宇湖,4A,内江市,内江市隆昌市,105.27,29.33,川南明珠，内江最大人工湖，湖光山色秀丽，秋冬候鸟云集，观鸟胜地,cloud://cloud1-d2gphu7bt75dc5910.636c-cloud1-d2gphu7bt75dc5910-1464549430/sceneries/longchangguyuhu.jpg,0,4.3,全天开放,秋冬（11-2月）
罗泉古镇,无（中国历史文化名镇）,内江市,内江市资中县,104.85,29.71,千年盐运古镇，明清古街保存完好，钟鼓楼、盐神庙古韵悠长,cloud://cloud1-d2gphu7bt75dc5910.636c-cloud1-d2gphu7bt75dc5910-1464549430/sceneries/luoquanguzhen.jpg,0,4.2,全天开放,全年
圣水寺,无（省级文保）,内江市,内江市市中区,105.04,29.59,中川第一禅林，沱江边千年古刹，藏唐代观音像与石经幢，禅意浓郁,cloud://cloud1-d2gphu7bt75dc5910.636c-cloud1-d2gphu7bt75dc5910-1464549430/sceneries/shengshuisi.jpg,0,4.3,08:00-17:00,全年
威远感恩寺,无（省级文保单位）,内江市,内江市威远县,104.65,29.56,始建于明代的千年古刹，以“感恩文化”为核心，寺内有明代石刻造像与清代壁画，禅意清幽,cloud://cloud1-d2gphu7bt75dc5910.636c-cloud1-d2gphu7bt75dc5910-1464549430/sceneries/ganensi.jpg,0,4.2,08:00-17:00,全年
资中重龙山,无（省级风景名胜区）,内江市,内江市资中县,104.86,29.78,内江知名名山，集佛教文化、摩崖造像与自然景观于一体，“重龙晴岚”为古资州八景之一,cloud://cloud1-d2gphu7bt75dc5910.636c-cloud1-d2gphu7bt75dc5910-1464549430/sceneries/chonglongshan.jpg,0,4.2,08:00-18:00,全年
阆中古城,5A,南充市,南充市阆中市,105.97,31.58,中国四大古城之一，嘉陵江环抱的风水古城，2300年历史，青瓦飞檐、街巷如棋，三国文化底蕴深厚,cloud://cloud1-d2gphu7bt75dc5910.636c-cloud1-d2gphu7bt75dc5910-1464549430/sceneries/langzhonggucheng.jpg,110,4.6,全天开放,全年
凌云山景区,4A,南充市,南充市高坪区,106.12,30.77,国家级森林公园，以“四象五行”风水地貌闻名，儒释道文化交融，99米凌云大佛气势恢宏,cloud://cloud1-d2gphu7bt75dc5910.636c-cloud1-d2gphu7bt75dc5910-1464549430/sceneries/lingyunshan.jpg,0,4.3,08:00-18:00,春秋季
南充博物馆,无,南充市,南充市顺庆区,106.09,30.83,市级综合性博物馆，馆藏文物3400余件，系统展示南充从古至今的历史文化，镇馆之宝为东汉鎏金负罐铜鸟,cloud://cloud1-d2gphu7bt75dc5910.636c-cloud1-d2gphu7bt75dc5910-1464549430/sceneries/nanchongbowuguan.jpg,0,4.4,09:00-17:00（周一闭馆）,全年
升钟湖风景区,4A,南充市,南充市南部县,105.73,31.78,西南最大人工湖，湖面辽阔、湖光山色，被誉为“垂钓天堂”，四季皆景，休闲度假胜地,cloud://cloud1-d2gphu7bt75dc5910.636c-cloud1-d2gphu7bt75dc5910-1464549430/sceneries/shengzhonghu.jpg,0,4.4,全天开放,全年
西山风景区,4A,南充市,南充市顺庆区,106.08,30.84,南充城市绿肺，三国文化核心地，万卷楼为陈寿治学处，栖乐寺钟声悠远，开汉楼可俯瞰全城,cloud://cloud1-d2gphu7bt75dc5910.636c-cloud1-d2gphu7bt75dc5910-1464549430/sceneries/xishan.jpg,0,4.3,08:00-18:00,全年
朱德故里,5A,南充市,南充市仪陇县,106.45,31.32,全国红色旅游经典景区，朱德元帅诞生与成长地，青山环抱、田园清幽，红色文化教育基地,cloud://cloud1-d2gphu7bt75dc5910.636c-cloud1-d2gphu7bt75dc5910-1464549430/sceneries/zhudeguli.jpg,0,4.7,09:00-17:00,全年
北川羌城,5A,绵阳市,绵阳市北川县,104.47,31.82,全国唯一羌文化5A景区，集地震遗址、羌族民俗博物馆、巴拿恰商业街于一体，承载重生记忆与民族风情,cloud://cloud1-d2gphu7bt75dc5910.636c-cloud1-d2gphu7bt75dc5910-1464549430/sceneries/beichuanqiangcheng.jpg,0,4.5,09:00-17:00,全年
越王楼,4A,绵阳市,绵阳市游仙区,104.75,31.46,天下诗文第一楼，唐代四大名楼之一，登楼俯瞰涪江三江交汇，夜景璀璨，全息诗仙长廊重现蜀道壮阔,cloud://cloud1-d2gphu7bt75dc5910.636c-cloud1-d2gphu7bt75dc5910-1464549430/sceneries/yuewanglou.jpg,30,4.4,09:00-21:00,全年
李白故居,4A,绵阳市,绵阳市江油市,104.62,31.72,诗仙李白出生地，陇西院、太白碑林、洗墨池等遗迹完好，古院清幽，沉浸式感受盛唐诗魂,cloud://cloud1-d2gphu7bt75dc5910.636c-cloud1-d2gphu7bt75dc5910-1464549430/sceneries/libaiguju.jpg,40,4.5,08:30-17:30,全年
窦团山,4A,绵阳市,绵阳市江油市,104.82,31.85,四川丹霞代表，三峰拔地而起，铁索飞渡惊险绝伦，云岩寺宋代飞天藏为镇山之宝,cloud://cloud1-d2gphu7bt75dc5910.636c-cloud1-d2gphu7bt75dc5910-1464549430/sceneries/doutuanshan.jpg,67,4.3,08:00-17:30,春秋季
九皇山,4A,绵阳市,绵阳市北川县,104.53,31.92,云中羌寨，高山溶洞、绝壁栈道、原始森林兼具，春赏杜鹃、秋观红叶，羌族民俗浓郁,cloud://cloud1-d2gphu7bt75dc5910.636c-cloud1-d2gphu7bt75dc5910-1464549430/sceneries/jiuhuangshan.jpg,90,4.4,08:00-18:00,春秋季
七曲山大庙,4A,绵阳市,绵阳市梓潼县,105.17,31.41,文昌文化发源地，千年古柏环绕，23处殿宇依山而建，明代造像精美，香火鼎盛,cloud://cloud1-d2gphu7bt75dc5910.636c-cloud1-d2gphu7bt75dc5910-1464549430/sceneries/qiquishan.jpg,50,4.4,08:00-17:30,全年
三苏祠,4A,眉山市,眉山市东坡区,103.84,30.04,北宋三苏故居，川西古典园林，古木碑刻林立，“一门三词客”文脉圣地，联合国文化遗产保护单位,cloud://cloud1-d2gphu7bt75dc5910.636c-cloud1-d2gphu7bt75dc5910-1464549430/sceneries/sansuci.jpg,40,4.6,08:30-17:30,全年
黑龙滩,无,眉山市,眉山市仁寿县,104.12,30.08,“川西第一海”，四川千岛湖，湖光山色、岛屿林立，游船垂钓，休闲度假胜地,cloud://cloud1-d2gphu7bt75dc5910.636c-cloud1-d2gphu7bt75dc5910-1464549430/sceneries/heilongtan.jpg,0,4.3,全天开放,全年
柳江古镇,无,眉山市,眉山市洪雅县,103.27,29.70,川西烟雨古镇，百年古榕、吊脚楼、青石板路，山水相依，夜色温柔，“四川小丽江”,cloud://cloud1-d2gphu7bt75dc5910.636c-cloud1-d2gphu7bt75dc5910-1464549430/sceneries/liujiangguzhen.jpg,0,4.4,全天开放,夏季（6-8月）
彭祖山,4A,眉山市,眉山市彭山区,103.86,30.15,世界长寿文化发源地，齐山双佛、彭祖祠、不老阁，山林清幽，养生徒步佳地,cloud://cloud1-d2gphu7bt75dc5910.636c-cloud1-d2gphu7bt75dc5910-1464549430/sceneries/pengzushan.jpg,30,4.2,08:30-17:30,全年
瓦屋山,4A,眉山市,眉山市洪雅县,103.24,29.64,“川西小瑞士”，世界第二大桌山，云海、飞瀑、杜鹃花海，四季皆景，避暑康养胜地,cloud://cloud1-d2gphu7bt75dc5910.636c-cloud1-d2gphu7bt75dc5910-1464549430/sceneries/wawushan.jpg,100,4.5,08:00-17:00,夏季（避暑）冬季（滑雪）
中岩寺,无,眉山市,眉山市青神县,103.79,29.75,“川南第一山”，苏轼初恋地，摩崖石刻、桫椤密林、古寺禅意，岷江风光尽收眼底,cloud://cloud1-d2gphu7bt75dc5910.636c-cloud1-d2gphu7bt75dc5910-1464549430/sceneries/zhongyansi.jpg,27,4.2,08:30-17:30,全年
泸州老窖旅游区,国家4A级,泸州市,泸州市江阳区,105.44,28.88,浓香型白酒发源地，拥有1573国宝窖池群与酿酒非遗，活态酒文化博物馆，可品鉴原浆酒 。,cloud://cloud1-d2gphu7bt75dc5910.636c-cloud1-d2gphu7bt75dc5910-1464549430/sceneries/luzhoulaojiao.jpg,35,4.5,09:00-17:00,全年
张坝桂圆林,国家4A级,泸州市,泸州市江阳区,105.45,28.87,长江边十里绿色长廊，1.5万株百年桂圆古树，天然氧吧，滨江步道适合骑行漫步。,cloud://cloud1-d2gphu7bt75dc5910.636c-cloud1-d2gphu7bt75dc5910-1464549430/sceneries/zhangbaguiyuanlin.jpg,0,4.3,全天开放,全年
方山风景区,自然景区,泸州市,泸州市江阳区,105.38,28.98,川南佛教名山，九十九峰云海，唐代云峰寺黑脸观音，登山祈福，俯瞰泸州丘陵全景。,cloud://cloud1-d2gphu7bt75dc5910.636c-cloud1-d2gphu7bt75dc5910-1464549430/sceneries/fangshan.jpg,15,4.2,08:00-17:30,全年
黄荆老林,国家4A级,泸州市,泸州市古蔺县,105.77,28.17,北纬28°原始森林，丹霞地貌、八节洞瀑布群，夏季避暑，天然氧吧。,cloud://cloud1-d2gphu7bt75dc5910.636c-cloud1-d2gphu7bt75dc5910-1464549430/sceneries/huangjinglaolin.jpg,90,4.4,08:00-17:30,夏季（6-9月）
忠山公园,城市公园,泸州市,泸州市江阳区,105.45,28.88,城市绿肺·三国文化打卡地,cloud://cloud1-d2gphu7bt75dc5910.636c-cloud1-d2gphu7bt75dc5910-1464549430/sceneries/zhongshanpark.jpg,0,4.1,全天开放,春季
太平古镇,红色古镇,泸州市,泸州市古蔺县,105.82,28.05,赤水河畔吊脚楼群，四渡赤水红色遗址，悬崖古镇风貌，红色人文打卡 。,cloud://cloud1-d2gphu7bt75dc5910.636c-cloud1-d2gphu7bt75dc5910-1464549430/sceneries/taipingguzhen.jpg,0,4.3,全天开放,全年
