name,category,city,location,longitude,latitude,description,image_url,avg_price,tags
洋芋糍粑,羌族小吃,阿坝州,四川省阿坝州理县/茂县,103.2,31.4,高原土豆经石臼捶打至黏糯拉丝，可搭配酸菜红油或蜂蜜食用，酸辣开胃，口感软糯弹牙,cloud://cloud1-d2gphu7bt75dc5910.636c-cloud1-d2gphu7bt75dc5910-1464549430/foods/yangyuciba.jpg,20,"羌族小吃,酸辣开胃,软糯弹牙"
藏式牦牛肉火锅,藏式火锅,阿坝州,四川省阿坝州理县/九寨沟县,103.9,33.2,铜锅菌汤底搭配鲜切牦牛肉、野生菌与青稞饼，暖身扛饿，肉质软烂鲜香，是高原必尝的热食,cloud://cloud1-d2gphu7bt75dc5910.636c-cloud1-d2gphu7bt75dc5910-1464549430/foods/zangshimaoniurouhuoguo.jpg,80,"藏式火锅,牦牛肉,暖身扛饿"
酸菜面块,藏族面食,阿坝州,四川省阿坝州松潘县/阿坝县,103.6,32.6,以秘制酸菜、牦牛肉、土豆与手工面块炖煮而成，酸辣绵柔，暖脾开胃，是阿坝州家常主食,cloud://cloud1-d2gphu7bt75dc5910.636c-cloud1-d2gphu7bt75dc5910-1464549430/foods/suancaimiankuai.jpg,25,"藏族面食,酸辣绵柔,家常主食"
牛肉盖被,藏式特色主食,阿坝州,四川省阿坝州红原县/若尔盖县,102.4,33.3,藏语称“夏木”，将牦牛肉末与土豆泥炒制后，用薄饼包裹蒸制，形似“被子盖着牛肉”，肉香浓郁，软糯入味,cloud://cloud1-d2gphu7bt75dc5910.636c-cloud1-d2gphu7bt75dc5910-1464549430/foods/niurougaibei.jpg,50,"藏式主食,肉香浓郁,软糯入味"
酥油茶+糌粑,藏族传统主食,阿坝州,四川省阿坝州全域,102.9,32.7,酥油茶咸香醇厚，糌粑由青稞粉制成，搭配食用可快速补充能量，是藏族人日常必备的高原“能量餐”,cloud://cloud1-d2gphu7bt75dc5910.636c-cloud1-d2gphu7bt75dc5910-1464549430/foods/suyouchazanba.jpg,30,"藏族主食,酥油茶,糌粑"
羌族老腊肉,特色腊味,阿坝州,四川省阿坝州茂县/汶川县,103.6,31.6,选用本地猪肉经传统工艺腌制熏制，肉质紧实咸香，肥而不腻，可搭配高山野菜炒制，是羌寨宴席必备菜,cloud://cloud1-d2gphu7bt75dc5910.636c-cloud1-d2gphu7bt75dc5910-1464549430/foods/qiangzulaolarou.jpg,40,"羌族腊味,咸香紧实,宴席必备"
恩阳提糖麻饼,传统糕点,巴中市,巴中市恩阳区,106.63,31.79,巴中市级非物质文化遗产，是恩阳古镇的招牌伴手礼。采用传统工艺烤制，外皮金黄酥脆、沾满芝麻，内馅是熬煮的红糖，咬开能看到拉丝，甜而不腻，带着浓郁的芝麻香，是当地百年传承的味道。,cloud://cloud1-d2gphu7bt75dc5910.636c-cloud1-d2gphu7bt75dc5910-1464549430/foods/enyangtitangmabing.jpg,8,"传统糕点,非遗,芝麻红糖"
南江黄羊汤锅,特色汤锅,巴中市,巴中市南江县,106.80,32.65,国家地理标志保护产品，选用大巴山放养的南江黄羊，肉质细嫩、膻味极淡。慢炖出的汤色奶白浓郁，入口鲜醇不腻，冬天喝一碗从头暖到脚，是巴中宴席和家常餐桌上的硬菜。,cloud://cloud1-d2gphu7bt75dc5910.636c-cloud1-d2gphu7bt75dc5910-1464549430/foods/nanjianghuangyangtangguo.jpg,70,"特色汤锅,黄羊,鲜醇不腻"
通江银耳莲子羹,滋补甜品,巴中市,巴中市通江县,107.19,32.38,通江是“中国银耳之乡”，这里的椴木银耳胶质丰富、口感软糯。搭配莲子、冰糖慢炖后，汤色清亮、清甜润喉，是解辣解腻、日常滋补的经典甜品，也是当地特色养生美食。,cloud://cloud1-d2gphu7bt75dc5910.636c-cloud1-d2gphu7bt75dc5910-1464549430/foods/tongjiangyinErlianzigeng.jpg,20,"滋补甜品,银耳,清甜润喉"
巴中罐罐饭,特色主食,巴中市,巴中市巴州区,106.76,31.84,巴中人的“童年味道”，用瓦罐小火焖煮而成。底层的米饭烤出焦脆锅巴，上层铺上腊肉、豌豆、土豆等配料，米饭吸满肉香和菜香，锅巴焦脆入味，咸香浓郁，性价比超高。,cloud://cloud1-d2gphu7bt75dc5910.636c-cloud1-d2gphu7bt75dc5910-1464549430/foods/bazhongguanguanfan.jpg,18,"特色主食,罐罐饭,焦脆锅巴"
枣林鱼,特色河鲜,巴中市,巴中市巴州区,106.72,31.82,源自巴河的船家特色菜，选用新鲜河鱼，搭配腊肉、泡椒、酸菜一起炖煮。鱼肉细嫩入味，汤汁酸辣鲜香，带着腊肉的醇厚和泡椒的爽利，是巴中招待亲友的招牌菜，被誉为“巴河一绝”。,cloud://cloud1-d2gphu7bt75dc5910.636c-cloud1-d2gphu7bt75dc5910-1464549430/foods/zaolinyu.jpg,65,"特色河鲜,酸辣鲜香,巴河一绝"
魏油茶（油茶馓子）,早餐小吃,巴中市,巴中市巴州区,106.76,31.84,上过央视的巴中早餐灵魂，是当地流传已久的传统早餐。用大米和黄豆磨成米糊打底，撒上炸得金黄酥脆的馓子，口感绵密又酥脆，咸香适口，暖身又解腻，是当地人早起必吃的一碗热乎滋味。,cloud://cloud1-d2gphu7bt75dc5910.636c-cloud1-d2gphu7bt75dc5910-1464549430/foods/weiyoucha.jpg,8,"早餐小吃,油茶,绵密酥脆"
龙抄手,传统小吃,成都市,成都市锦江区,104.07,30.66,成都经典名小吃，皮薄如纸、馅嫩味鲜，汤汁清亮鲜香，搭配红油或清汤食用，口感爽滑不腻，是成都人早餐的经典选择，也是外地游客必尝的川味代表。,cloud://cloud1-d2gphu7bt75dc5910.636c-cloud1-d2gphu7bt75dc5910-1464549430/foods/longchaoshou.jpg,20,"传统小吃,皮薄馅嫩,红油清汤"
钟水饺,传统小吃,成都市,成都市锦江区,104.07,30.66,成都百年老字号小吃，水饺个头小巧，皮薄馅嫩，搭配特制红油、酱油和芝麻调味，甜咸微辣、香气浓郁，红油红亮诱人，是地道的川味面食代表。,cloud://cloud1-d2gphu7bt75dc5910.636c-cloud1-d2gphu7bt75dc5910-1464549430/foods/zhongshuijiao.jpg,15,"传统小吃,红油水饺,甜咸微辣"
夫妻肺片,经典凉菜,成都市,成都市成华区,104.09,30.68,以牛头皮、牛心、牛舌等为原料，经卤制切片后，淋上红油、花椒、芝麻等调料，色泽红亮、麻辣鲜香、口感脆嫩，是川菜中的经典凉菜，也是成都宴席上的常客。,cloud://cloud1-d2gphu7bt75dc5910.636c-cloud1-d2gphu7bt75dc5910-1464549430/foods/fuqifeipian.jpg,40,"经典凉菜,麻辣鲜香,脆嫩"
担担面,传统面食,成都市,成都市青羊区,104.06,30.67,四川传统面食，面条细滑筋道，搭配肉末、芽菜、花生碎和红油酱汁，麻辣鲜香、咸香适口，干拌食用，是成都街头巷尾都能吃到的地道川味面食。,cloud://cloud1-d2gphu7bt75dc5910.636c-cloud1-d2gphu7bt75dc5910-1464549430/foods/dandanmian.jpg,15,"传统面食,麻辣咸香,干拌"
糖油果子,传统糕点,成都市,成都市锦江区,104.07,30.66,成都街头的传统小吃，糯米面团炸至金黄酥脆，裹上熬煮的红糖，撒上白芝麻，外酥里糯、香甜可口，带着浓郁的红糖香，是老成都人记忆里的味道。,cloud://cloud1-d2gphu7bt75dc5910.636c-cloud1-d2gphu7bt75dc5910-1464549430/foods/tangyouguozi.jpg,8,"传统糕点,外酥里糯,红糖"
三大炮,传统小吃,成都市,成都市青羊区,104.06,30.67,成都非遗美食，将糯米团用力甩向铜盘，发出“砰砰砰”三声脆响，再裹上红糖和黄豆粉，软糯香甜、口感细腻，兼具观赏性与美味，是宽窄巷子等景区的招牌小吃。,cloud://cloud1-d2gphu7bt75dc5910.636c-cloud1-d2gphu7bt75dc5910-1464549430/foods/sandapao.jpg,12,"传统小吃,非遗,软糯香甜"
灯影牛肉,传统零食/非遗美食,达州市,达州市通川区,107.49,31.22,国家级非物质文化遗产，薄如蝉翼、透光见影，色泽红亮油润，入口麻辣酥脆、化渣留香，是达州最具代表性的伴手礼和特色零食。,cloud://cloud1-d2gphu7bt75dc5910.636c-cloud1-d2gphu7bt75dc5910-1464549430/foods/dengyingniurou.jpg,45,"非遗零食,薄如蝉翼,麻辣酥脆"
石梯蒸鱼,特色江湖菜,达州市,达州市渠县,106.95,30.85,渠县招牌名菜，选用鲜活河鱼，以荷叶打底蒸制，搭配青花椒、剁椒调味，鱼肉细嫩无腥，带着荷叶清香与椒麻风味，鲜辣开胃。,cloud://cloud1-d2gphu7bt75dc5910.636c-cloud1-d2gphu7bt75dc5910-1464549430/foods/shitizhengyu.jpg,50,"江湖菜,荷叶蒸鱼,鲜辣开胃"
江阳酸辣鸡,特色江湖菜,达州市,达州市达川区,107.52,31.08,达州经典下饭硬菜，选用散养土鸡，搭配泡姜泡椒、酸菜猛火焖煮，鸡肉紧实入味，汤汁酸辣浓郁，拌米饭食用堪称一绝。,cloud://cloud1-d2gphu7bt75dc5910.636c-cloud1-d2gphu7bt75dc5910-1464549430/foods/jiangyangsuanlaji.jpg,60,"江湖菜,酸辣鸡,下饭硬菜"
羊肉格格,特色蒸菜,达州市,达州市开江县/通川区,107.87,31.09,达州街头顶流小吃，小蒸笼中垫上土豆或红薯，铺上裹满米粉的鲜羊肉，麻辣鲜香、软烂入味，一口下去肉香与米香交织，香气浓郁。,cloud://cloud1-d2gphu7bt75dc5910.636c-cloud1-d2gphu7bt75dc5910-1464549430/foods/yangrougege.jpg,20,"特色蒸菜,麻辣鲜香,米粉羊肉"
三汇水八块,特色凉菜,达州市,达州市渠县三汇镇,106.87,30.78,渠县传统名菜，选用散养土鸡，煮熟后切薄片，淋上红油、花椒等秘制调料，鸡肉鲜嫩、麻辣鲜香，口感脆嫩爽口，是当地宴席的必备凉菜。,cloud://cloud1-d2gphu7bt75dc5910.636c-cloud1-d2gphu7bt75dc5910-1464549430/foods/sanhuishuibakuai.jpg,40,"特色凉菜,麻辣鲜香,土鸡"
肉汤圆,特色早餐/小吃,达州市,达州市通川区,107.49,31.22,达州独有的咸口汤圆，糯米皮包裹鲜肉馅料，煮熟后皮薄馅足、软糯鲜香，搭配红油或清汤食用，是本地人早餐的暖心选择。,cloud://cloud1-d2gphu7bt75dc5910.636c-cloud1-d2gphu7bt75dc5910-1464549430/foods/routangyuan.jpg,12,"早餐小吃,咸口汤圆,软糯鲜香"
孝泉果汁牛肉,特色特产,德阳市,德阳市旌阳区,104.28,31.25,当地回民特色美食，口感外酥里嫩，味道融合咸甜麻辣，还带有淡淡果香，口感丰富，既可当作零食，也是送礼佳品。,cloud://cloud1-d2gphu7bt75dc5910.636c-cloud1-d2gphu7bt75dc5910-1464549430/foods/xiaoquanguozhiniurou.jpg,35,"特产零食,咸甜麻辣,果香"
连山回锅肉,经典川菜,德阳市,德阳市广汉市,104.25,31.03,德阳代表性菜品，肉片厚薄适中，炒制后肥而不腻，酱香醇厚浓郁，搭配配菜口感鲜香，是下饭佳肴。,cloud://cloud1-d2gphu7bt75dc5910.636c-cloud1-d2gphu7bt75dc5910-1464549430/foods/lianshanhuiguorou.jpg,50,"经典川菜,回锅肉,酱香浓郁"
广汉缠丝兔,卤味熟食,德阳市,德阳市广汉市,104.22,31.00,传统手工腌制卤制而成，肉质紧实细腻，风味醇厚绵长，麻香咸鲜入味，是当地知名特色伴手美食。,cloud://cloud1-d2gphu7bt75dc5910.636c-cloud1-d2gphu7bt75dc5910-1464549430/foods/guanghanchansitu.jpg,65,"卤味熟食,麻香咸鲜,紧实"
罗江豆鸡,风味素食,德阳市,德阳市罗江区,104.47,31.28,以黄豆食材制作而成，外形口感酷似鸡肉，豆香十足，筋道爽口，卤香扑鼻，老少皆宜。,cloud://cloud1-d2gphu7bt75dc5910.636c-cloud1-d2gphu7bt75dc5910-1464549430/foods/luojiangdouji.jpg,20,"风味素食,豆制品,卤香筋道"
什邡板鸭,腊味卤菜,德阳市,德阳市什邡市,104.16,31.13,历经多道工序制作，表皮色泽金黄，鸭肉紧实鲜嫩，咸香适口，风味地道，是当地宴席常见菜品。,cloud://cloud1-d2gphu7bt75dc5910.636c-cloud1-d2gphu7bt75dc5910-1464549430/foods/shifangbanya.jpg,55,"腊味卤菜,板鸭,咸香紧实"
黄许哑巴兔,江湖热菜,德阳市,德阳市旌阳区,104.42,31.17,选用新鲜兔肉搭配鲜椒花椒爆炒，肉质滑嫩紧实，鲜辣香气十足，口味地道，深受本地人喜爱。,cloud://cloud1-d2gphu7bt75dc5910.636c-cloud1-d2gphu7bt75dc5910-1464549430/foods/huangxuyabatu.jpg,60,"江湖热菜,兔肉,鲜辣滑嫩"
丹巴香猪腿,藏式腊味,甘孜州,甘孜州丹巴县,101.90,30.90,选用高原散养藏香猪，常年奔走于雪山草甸，采食野花虫草生长。每逢寒冬，藏家居民以传统工艺腌制、柏枝熏烤、自然风干数月而成。肉质色泽透亮、纹理紧实，蒸熟后醇香浓郁、肥而不腻，饱含高原风雪与阳光的味道，是藏区世代传承的待客佳肴。,cloud://cloud1-d2gphu7bt75dc5910.636c-cloud1-d2gphu7bt75dc5910-1464549430/foods/danbaxiangzhutui.jpg,100,"藏式腊味,藏香猪,醇香浓郁"
甘孜团结包子,特色主食,甘孜州,甘孜州康定市,101.85,30.18,是藏区极具寓意的特色美食，因多人围坐分食、象征团结和睦而得名。超大面皮包裹新鲜牦牛肉、土豆、青稞碎等馅料，大火整笼蒸熟，面皮软糯劲道，内馅饱满多汁、鲜香浓郁。每逢节庆团聚必备，一口暖心暖胃，藏着藏汉相融的温情烟火。,cloud://cloud1-d2gphu7bt75dc5910.636c-cloud1-d2gphu7bt75dc5910-1464549430/foods/ganzituanjiebaozi.jpg,40,"藏式主食,牦牛肉馅,团结寓意"
高原牦牛肉汤锅,特色汤锅,甘孜州,甘孜州全域,100.28,28.36,取自雪域高原天然放养牦牛，肉质紧实细嫩、自带淡淡奶香。以牛骨文火慢熬数小时，汤底醇厚乳白，搭配野生菌、高山蔬菜炖煮，原汁原味、鲜而不膻。寒风凛冽的高原之上，一锅热气腾腾的牦牛肉汤锅，驱散寒意、滋补养生，是藏区最治愈的特色美味。,cloud://cloud1-d2gphu7bt75dc5910.636c-cloud1-d2gphu7bt75dc5910-1464549430/foods/gaoyuanmaoniuroutangguo.jpg,80,"特色汤锅,牦牛肉,原汁原味"
藏式酥油茶,特色茶饮,甘孜州,甘孜州全域,101.47,30.77,是藏族人民千年以来的日常饮品，以高原砖茶熬煮出浓郁茶汤，搭配牦牛酥油、食盐反复捶打融合。口感醇香厚重、咸香独特，既能缓解高原干燥、抵御高寒缺氧，又能解腻充饥，一杯下肚暖意绵长，承载着浓郁的藏地民俗风情。,cloud://cloud1-d2gphu7bt75dc5910.636c-cloud1-d2gphu7bt75dc5910-1464549430/foods/zangshisuyoucha.jpg,22,"特色茶饮,酥油茶,咸香醇厚"
高原糌粑,传统藏式小吃,甘孜州,甘孜州全域,102.02,29.58,以高原独有青稞为原料，经阳光晾晒、炒熟打磨制成细腻粉面。食用时搭配酥油茶、奶渣揉捏成团，口感扎实醇香、麦香浓郁，方便耐饥、营养十足。千百年来陪伴藏族游牧生活，是最淳朴、最地道的高原经典美食。,cloud://cloud1-d2gphu7bt75dc5910.636c-cloud1-d2gphu7bt75dc5910-1464549430/foods/gaoyuanzanba.jpg,15,"藏式小吃,青稞,麦香耐饥"
泸定李凉粉,传统小吃,甘孜州,甘孜州泸定县,102.23,29.92,是泸定流传多年的街头老牌风味，精选本地豌豆手工磨浆、自然蒸制，凉粉晶莹剔透、爽滑Q弹。淋上秘制红油、香醋、蒜蓉、花生碎，酸辣鲜香、清爽解腻，口感层次丰富，是大渡河边家喻户晓、老少皆宜的地道烟火小吃。,cloud://cloud1-d2gphu7bt75dc5910.636c-cloud1-d2gphu7bt75dc5910-1464549430/foods/ludingliliangfen.jpg,12,"传统小吃,凉粉,酸辣爽滑"
邓家盐皮蛋,特色卤蛋,广安市,广安市广安区,106.6365,30.5185,集盐蛋的咸香与皮蛋的醇厚于一体，蛋黄沙糯不噎喉，蛋白紧实有嚼劲，是广安最具代表性的伴手礼。,cloud://cloud1-d2gphu7bt75dc5910.636c-cloud1-d2gphu7bt75dc5910-1464549430/foods/dengjiayanpidan.jpg,2,"特色卤蛋,盐皮蛋,咸香沙糯"
岳池米粉,主食/米粉类,广安市,广安市岳池县,106.3321,30.5432,细滑柔韧的米粉，搭配筒骨、肥肠等多种浇头，汤底醇厚鲜香，红油辣子是灵魂，是广安人早餐的标配。,cloud://cloud1-d2gphu7bt75dc5910.636c-cloud1-d2gphu7bt75dc5910-1464549430/foods/yuechimifen.jpg,12,"米粉,红油辣子,早餐标配"
顾县豆干,豆制品/小吃,广安市,广安市岳池县,106.3150,30.5089,经卤制、熏制多道工序，豆干柔韧弹牙，卤香浓郁，咸鲜入味，越嚼越香，可直接当零食吃。,cloud://cloud1-d2gphu7bt75dc5910.636c-cloud1-d2gphu7bt75dc5910-1464549430/foods/guxiandougan.jpg,8,"豆制品,卤香柔韧,零食"
武胜渣渣鱼,江湖菜/鱼肴,广安市,广安市武胜县,106.0712,30.3484,选用江中小鱼炸至酥脆，再用麻辣底料翻炒入味，连刺都能嚼碎吃，麻辣鲜香，是下酒神器。,cloud://cloud1-d2gphu7bt75dc5910.636c-cloud1-d2gphu7bt75dc5910-1464549430/foods/wushengzhazhayu.jpg,40,"江湖菜,麻辣酥脆,下酒"
麻哥面,面食/特色小吃,广安市,广安市武胜县,106.2845,30.3678,武胜招牌面食，面条劲道，搭配秘制麻辣肉臊，口感黏软绵密，麻、辣、鲜、香层层递进，风味独特。,cloud://cloud1-d2gphu7bt75dc5910.636c-cloud1-d2gphu7bt75dc5910-1464549430/foods/magemian.jpg,14,"面食,麻辣肉臊,黏软绵密"
桂兴羊肉,汤锅/肉类,广安市,广安市前锋区,106.8912,30.4156,带皮坨坨羊肉炖锅，肉质软烂不膻，汤头浓郁醇厚，冬天吃暖身暖胃，是华蓥山一带的特色美味。,cloud://cloud1-d2gphu7bt75dc5910.636c-cloud1-d2gphu7bt75dc5910-1464549430/foods/guixingyangrou.jpg,55,"汤锅,坨坨羊肉,软烂不膻"
女皇蒸凉面,特色小吃,广元市,广元市利州区,105.82,32.45,相传是武则天幼时爱吃的家常味道，米浆蒸制而非面粉，筋道温热，裹上红油蒜香，酸辣鲜爽，是广元人刻进骨子里的清晨烟火。,cloud://cloud1-d2gphu7bt75dc5910.636c-cloud1-d2gphu7bt75dc5910-1464549430/foods/nuhuangzhengliangmian.jpg,10,"特色小吃,蒸凉面,酸辣鲜爽"
剑门豆腐宴,特色宴席,广元市,广元市剑阁县,105.55,32.20,剑门山泉点出的豆腐嫩而紧实，从怀胎豆腐到灯笼豆腐，上百种做法各有风味，一关一豆腐，吃出蜀道烟火气。,cloud://cloud1-d2gphu7bt75dc5910.636c-cloud1-d2gphu7bt75dc5910-1464549430/foods/jianmendoufuyan.jpg,65,"特色宴席,豆腐,蜀道风味"
朝天核桃饼,传统点心,广元市,广元市朝天区,105.90,32.63,高山核桃碾碎入饼，炭火现烤出层层焦香，一口下去满是果仁油香与山野清香，是蜀道上流传千年的便携美味。,cloud://cloud1-d2gphu7bt75dc5910.636c-cloud1-d2gphu7bt75dc5910-1464549430/foods/chaotianhetaobing.jpg,8,"传统点心,核桃,焦香"
酸菜豆花面,家常面食,广元市,广元市利州区,105.82,32.45,本地青菜腌出的酸香，搭配滑嫩豆花与手工面条，汤底鲜醇开胃，暖乎乎一碗，是广元人从小吃到大的暖心味道。,cloud://cloud1-d2gphu7bt75dc5910.636c-cloud1-d2gphu7bt75dc5910-1464549430/foods/suancaidouhuamian.jpg,12,"家常面食,酸菜豆花,开胃"
青川铜火锅,特色火锅,广元市,广元市青川县,105.23,32.59,老式铜锅炭火慢炖，山区腊肉、土鸡、野菌同煮，腊香醇厚、汤汁浓郁，寒冬围炉而食，一口暖到心底。,cloud://cloud1-d2gphu7bt75dc5910.636c-cloud1-d2gphu7bt75dc5910-1464549430/foods/qingchuantonghuoguo.jpg,75,"特色火锅,铜锅,腊香醇厚"
昭化肥肠,特色菜肴,广元市,广元市昭化区,105.71,32.33,昭化古城的招牌老味道，肥肠处理得干净无腥，红油爆炒后软糯弹牙、香辣够味，配米饭堪称一绝，满是市井烟火气。,cloud://cloud1-d2gphu7bt75dc5910.636c-cloud1-d2gphu7bt75dc5910-1464549430/foods/zhaohuafeichang.jpg,40,"特色菜肴,肥肠,香辣软糯"
跷脚牛肉,特色汤锅,乐山市,乐山市市中区,103.72,29.58,百年传承的市井美味，清汤炖煮保留牛肉本味，肉质鲜嫩爽滑，蘸上干碟风味十足，鲜香醇厚越吃越回味。,cloud://cloud1-d2gphu7bt75dc5910.636c-cloud1-d2gphu7bt75dc5910-1464549430/foods/qiaojiaoniurou.jpg,50,"特色汤锅,牛肉,鲜嫩爽滑"
甜皮鸭,卤味小吃,乐山市,乐山市市中区,103.78,29.55,鸭肉卤制后裹上糖浆煎炸，外皮色泽油亮酥脆，内里肉质紧实多汁，甜咸交织的口感独具当地风情。,cloud://cloud1-d2gphu7bt75dc5910.636c-cloud1-d2gphu7bt75dc5910-1464549430/foods/tianpiya.jpg,40,"卤味小吃,甜皮鸭,甜咸酥脆"
钵钵鸡,特色冷食,乐山市,乐山市市中区,103.77,29.54,荤素食材浸泡鲜香汤底，红油麻辣浓郁，藤椒清爽开胃，口感劲道入味，是夏日极具代表性的爽口美食。,cloud://cloud1-d2gphu7bt75dc5910.636c-cloud1-d2gphu7bt75dc5910-1464549430/foods/boboji.jpg,38,"特色冷食,钵钵鸡,麻辣藤椒"
乐山豆腐脑,风味小吃,乐山市,乐山市五通桥区,103.83,29.48,浓稠汤汁搭配嫩滑豆花，佐以粉蒸牛肉与酥脆馓子，层次丰富，麻辣鲜香，一口尽显本地烟火滋味。,cloud://cloud1-d2gphu7bt75dc5910.636c-cloud1-d2gphu7bt75dc5910-1464549430/foods/leshandoufunao.jpg,12,"风味小吃,豆腐脑,麻辣鲜香"
油炸串串,市井小吃,乐山市,乐山市市中区,103.76,29.56,特色卤油现炸食材，外皮焦香内里软嫩，香气浓郁不油腻，蘸取调料食用，地道街头风味满满。,cloud://cloud1-d2gphu7bt75dc5910.636c-cloud1-d2gphu7bt75dc5910-1464549430/foods/youzhachuanchuan.jpg,32,"市井小吃,油炸串串,焦香软嫩"
鲜肉烧麦,传统点心,乐山市,乐山市市中区,103.79,29.53,薄透外皮包裹饱满肉馅，咬开汁水丰盈，鲜香浓郁，搭配清汤食用，是当地人钟爱的经典早点。,cloud://cloud1-d2gphu7bt75dc5910.636c-cloud1-d2gphu7bt75dc5910-1464549430/foods/xianroushaomai.jpg,12,"传统点心,烧麦,汁水丰盈"
彝族坨坨肉,彝族传统硬菜,凉山州,凉山州西昌市,102.27,27.88,选用高山放养乌金猪，大块清水炖煮，保留肉质本香，搭配木姜子提味，粗犷豪迈，是彝族待客最高礼遇。,cloud://cloud1-d2gphu7bt75dc5910.636c-cloud1-d2gphu7bt75dc5910-1464549430/foods/yizutuotuorou.jpg,65,"彝族硬菜,坨坨肉,木姜子"
西昌火盆烧烤,特色烧烤,凉山州,凉山州西昌市,102.26,27.87,凉山标志性烟火美味，炭火烤制小香猪、小肠、乌洋芋，蘸秘制干碟，香辣过瘾，充满山野市井气息。,cloud://cloud1-d2gphu7bt75dc5910.636c-cloud1-d2gphu7bt75dc5910-1464549430/foods/xichanghuopenshaokao.jpg,80,"特色烧烤,火盆烧烤,香辣过瘾"
邛海醉虾,特色湖鲜,凉山州,凉山州西昌市,102.28,27.86,取自邛海鲜活小虾，米酒腌渍去腥提鲜，搭配椒香，入口鲜甜冰爽，是西昌独有的江湖风味。,cloud://cloud1-d2gphu7bt75dc5910.636c-cloud1-d2gphu7bt75dc5910-1464549430/foods/qionghaizuixia.jpg,40,"特色湖鲜,醉虾,鲜甜冰爽"
德昌鸡火丝,非遗小吃,凉山州,凉山州德昌县,102.15,27.42,鸡汤打底、火腿提鲜、粉丝爽滑，汤清味鲜、层次细腻，是凉山家喻户晓的温润治愈早餐。,cloud://cloud1-d2gphu7bt75dc5910.636c-cloud1-d2gphu7bt75dc5910-1464549430/foods/dechangjihuosi.jpg,14,"非遗小吃,鸡火丝,汤清味鲜"
建昌板鸭,传统腊味,凉山州,凉山州西昌市,102.26,27.89,古法腌制风干，鸭皮红润油亮，肉质紧实咸香不腻，风味浓郁，是凉山最具代表性的特产美食。,cloud://cloud1-d2gphu7bt75dc5910.636c-cloud1-d2gphu7bt75dc5910-1464549430/foods/jianchangbanya.jpg,50,"传统腊味,板鸭,咸香紧实"
会理羊肉粉,地方特色小吃,凉山州,凉山州会理市,102.05,28.08,鲜羊骨慢熬浓汤，米粉柔韧，点缀薄荷去腥增香，汤鲜味正，暖身暖胃，是川滇交界经典味道。,cloud://cloud1-d2gphu7bt75dc5910.636c-cloud1-d2gphu7bt75dc5910-1464549430/foods/huiliyangroufen.jpg,15,"地方小吃,羊肉粉,汤鲜味正"
冷吃兔,盐帮硬菜,自贡市,自贡,104.77,29.35,自贡招牌菜，兔丁与干辣椒、花椒、菜籽油慢炒，麻辣干香、越嚼越香，可真空作伴手礼,cloud://cloud1-d2gphu7bt75dc5910.636c-cloud1-d2gphu7bt75dc5910-1464549430/foods/lengchitu.jpg,50,"盐帮菜,冷吃兔,麻辣干香"
鲜锅兔,盐帮硬菜,自贡市,自贡,104.77,29.35,现杀仔兔配仔姜、小米辣猛火爆炒，鲜辣嫩滑，汤汁浓郁，拌饭一绝,cloud://cloud1-d2gphu7bt75dc5910.636c-cloud1-d2gphu7bt75dc5910-1464549430/foods/xianguotu.jpg,55,"盐帮菜,鲜锅兔,鲜辣嫩滑"
厕所兔,盐帮硬菜,自贡市,自贡,104.77,29.35,因老店毗邻公厕得名，经典干锅兔肉做法，肉质紧实细嫩，麻辣醇厚入味，地道市井盐帮风味，本地人聚餐常选,cloud://cloud1-d2gphu7bt75dc5910.636c-cloud1-d2gphu7bt75dc5910-1464549430/foods/cesuotu.jpg,45,"盐帮菜,干锅兔,麻辣醇厚"
富顺豆花,非遗小吃,自贡市,自贡富顺,105.00,29.18,滑嫩豆花配糍粑海椒蘸水，咸香麻辣，是解辣神器，搭配甑子饭堪称绝配,cloud://cloud1-d2gphu7bt75dc5910.636c-cloud1-d2gphu7bt75dc5910-1464549430/foods/fushundouhua.jpg,18,"非遗小吃,豆花,糍粑海椒"
火边子牛肉,非遗卤味,自贡市,自贡,104.77,29.35,自贡传统名菜，牛后腿肉腌制熏烤，薄如蝉翼、可透光，酥香化渣、咸香回甘,cloud://cloud1-d2gphu7bt75dc5910.636c-cloud1-d2gphu7bt75dc5910-1464549430/foods/huobianziniurou.jpg,40,"非遗卤味,牛肉,薄如蝉翼"
桥头三嫩,盐帮江湖菜,自贡市,自贡贡井,104.75,29.37,爆炒天花板，火爆猪肝、腰花、肚头，猛火快炒、嫩而不腥、鲜辣呛香,cloud://cloud1-d2gphu7bt75dc5910.636c-cloud1-d2gphu7bt75dc5910-1464549430/foods/qiaotousannen.jpg,38,"盐帮江湖菜,爆炒,嫩而不腥"
牛佛烘肘,传统宴席菜,自贡市,自贡富顺,105.11,29.03,沱江古镇名菜，猪肘经卤、烘、焖多道工序，色泽红亮、皮糯肉耙、肥而不腻,cloud://cloud1-d2gphu7bt75dc5910.636c-cloud1-d2gphu7bt75dc5910-1464549430/foods/niufohongzhou.jpg,70,"传统宴席菜,猪肘,皮糯肉耙"
荣县羊肉汤,特色汤锅,自贡市,自贡荣县,104.41,29.47,本地黑山羊熬制的奶白浓汤，无膻味，配小米辣蘸碟，暖身鲜美，是冬日必吃,cloud://cloud1-d2gphu7bt75dc5910.636c-cloud1-d2gphu7bt75dc5910-1464549430/foods/rongxianyangrountang.jpg,40,"特色汤锅,羊肉汤,奶白浓汤"
周礼伤心凉粉,非遗小吃,资阳市,资阳安岳,105.33,30.12,手工豌豆凉粉，麻辣鲜香、爽滑Q弹，辣得过瘾，资阳代表性小吃,cloud://cloud1-d2gphu7bt75dc5910.636c-cloud1-d2gphu7bt75dc5910-1464549430/foods/zhoulishangxinliangfen.jpg,15,"非遗小吃,凉粉,麻辣Q弹"
安岳米卷,特色小吃,资阳市,资阳安岳,105.33,30.12,大米磨浆蒸制薄皮，卷馅柔韧爽滑，米香浓郁，配红油酱汁更绝,cloud://cloud1-d2gphu7bt75dc5910.636c-cloud1-d2gphu7bt75dc5910-1464549430/foods/anyuemijuan.jpg,12,"特色小吃,米卷,柔韧爽滑"
苌弘鲶鱼,传统名菜,资阳市,资阳雁江,104.98,30.13,千年历史名菜，沱江鲶鱼烹制，肉质细嫩、鲜香醇厚，“资阳十二大经典名菜”之首,cloud://cloud1-d2gphu7bt75dc5910.636c-cloud1-d2gphu7bt75dc5910-1464549430/foods/changhongnianyu.jpg,65,"传统名菜,鲶鱼,鲜香醇厚"
安岳柠檬排骨,创意菜,资阳市,资阳安岳,105.33,30.12,结合安岳柠檬特产，排骨酥烂入味，果香解腻、酸甜鲜辣，省级天府名菜,cloud://cloud1-d2gphu7bt75dc5910.636c-cloud1-d2gphu7bt75dc5910-1464549430/foods/anyuenmengpaigu.jpg,50,"创意菜,柠檬排骨,果香解腻"
熊卤鹅,非遗卤味,资阳市,资阳雁江,104.98,30.13,散养土鹅秘制卤制，皮香肉紧、卤香醇厚，下酒下饭皆宜，本地人气伴手礼,cloud://cloud1-d2gphu7bt75dc5910.636c-cloud1-d2gphu7bt75dc5910-1464549430/foods/xionglue.jpg,40,"非遗卤味,卤鹅,皮香肉紧"
资阳鸡豆花,传统宴席菜,资阳市,资阳雁江,104.98,30.13,“吃鸡不见鸡”，鸡脯肉制如豆花，细嫩清鲜、洁白雅致，宴席精品,cloud://cloud1-d2gphu7bt75dc5910.636c-cloud1-d2gphu7bt75dc5910-1464549430/foods/ziyangjidouhua.jpg,45,"传统宴席菜,鸡豆花,细嫩清鲜"
宜宾燃面,面食小吃,宜宾市,宜宾市翠屏区,104.6218,28.7754,省级非遗，以油重无水、点火即燃得名，筋道面条拌芽菜、肉末、花生碎与红油，干香麻辣，是宜宾美食名片。,cloud://cloud1-d2gphu7bt75dc5910.636c-cloud1-d2gphu7bt75dc5910-1464549430/foods/yibinranmian.jpg,10,"面食小吃,非遗,干香麻辣"
李庄白肉,特色荤菜,宜宾市,宜宾市翠屏区李庄镇,104.7893,28.7126,省级非遗，刀工极致，肉片薄如蝉翼，搭配蒜泥红油蘸料，肥而不腻、入口化渣，是抗战时期就闻名的古镇招牌。,cloud://cloud1-d2gphu7bt75dc5910.636c-cloud1-d2gphu7bt75dc5910-1464549430/foods/lizhuangbairou.jpg,48,"特色荤菜,非遗,刀工薄片"
凉糕,甜品小吃,宜宾市,宜宾市长宁县双河镇,104.9235,28.4321,省级非遗，用千年葡萄井水与桂朝米制作，软糯清甜，搭配红糖浆，冰爽解暑，是川南夏日经典。,cloud://cloud1-d2gphu7bt75dc5910.636c-cloud1-d2gphu7bt75dc5910-1464549430/foods/liAPAO.jpg,6,"甜品小吃,非遗,冰爽解暑"
筠连水粉,面食小吃,宜宾市,宜宾市筠连县/兴文县,105.1472,28.2215,省级非遗，手工红薯粉爽滑Q弹，酸辣鲜香，汤底浓郁，是川南百姓日常最爱的街头美味。,cloud://cloud1-d2gphu7bt75dc5910.636c-cloud1-d2gphu7bt75dc5910-1464549430/foods/junlianshuifen.jpg,12,"面食小吃,非遗,酸辣鲜香"
猪儿粑（叶儿粑）,特色点心,宜宾市,宜宾市全域,104.6135,28.7821,省级非遗，糯米外皮包裹咸甜两种馅料，用良姜叶包裹蒸熟，软糯清香，是宜宾人逢年过节必备的传统点心。,cloud://cloud1-d2gphu7bt75dc5910.636c-cloud1-d2gphu7bt75dc5910-1464549430/foods/zhuerba.jpg,4,"特色点心,非遗,软糯清香"
全竹宴,特色宴席,宜宾市,宜宾市长宁县蜀南竹海,104.9235,28.4321,以竹荪、竹荪蛋、竹笋、竹花等竹类食材入馔，清淡养生，鲜爽回甘，是蜀南竹海独有的生态宴席。,cloud://cloud1-d2gphu7bt75dc5910.636c-cloud1-d2gphu7bt75dc5910-1464549430/foods/quanzhuyan.jpg,100,"特色宴席,全竹宴,清淡养生"
雅鱼,特色河鲜,雅安市,雅安市雨城区,103.0333,30.0500,雅安三绝之首，周公河特有冷水鱼，肉质细嫩，砂锅雅鱼汤色奶白，鱼脑藏“宝剑”，是雅安最具代表性的宴席名菜。,cloud://cloud1-d2gphu7bt75dc5910.636c-cloud1-d2gphu7bt75dc5910-1464549430/foods/yayu.jpg,100,"特色河鲜,雅鱼,砂锅奶白"
蒙顶山茶,特色饮品,雅安市,雅安市名山区,103.0477,30.0759,“扬子江心水，蒙山顶上茶”，千年贡茶，茶汤清润回甘，是世界茶文化的发源地，可品茗、可伴手。,cloud://cloud1-d2gphu7bt75dc5910.636c-cloud1-d2gphu7bt75dc5910-1464549430/foods/mengdingshancha.jpg,25,"特色饮品,贡茶,清润回甘"
荥经棒棒鸡,特色凉菜,雅安市,雅安市荥经县,102.2980,29.2016,川南名小吃，土鸡白宰后用木棒捶松，淋上秘制红油辣子，麻辣鲜香，肉质紧实入味，是荥经招牌美食。,cloud://cloud1-d2gphu7bt75dc5910.636c-cloud1-d2gphu7bt75dc5910-1464549430/foods/yingjingbangbangji.jpg,40,"特色凉菜,棒棒鸡,麻辣鲜香"
天全椒麻鸡,特色凉菜,雅安市,雅安市天全县,102.3000,30.4000,土鸡白斩后，用青花椒、红油、藤椒油调制椒麻酱汁，麻味悠长、鸡肉鲜嫩，是川藏线上必吃的经典凉菜。,cloud://cloud1-d2gphu7bt75dc5910.636c-cloud1-d2gphu7bt75dc5910-1464549430/foods/tianquanjiaomaji.jpg,50,"特色凉菜,椒麻鸡,麻味悠长"
奶汤面,面食小吃,雅安市,雅安市雨城区,103.0333,30.0500,雅安传统早餐，猪骨慢熬奶白汤底，搭配劲道碱水面，浇上耙豌豆/炖肉哨子，汤鲜面滑，暖身又暖胃。,cloud://cloud1-d2gphu7bt75dc5910.636c-cloud1-d2gphu7bt75dc5910-1464549430/foods/naitangmian.jpg,10,"面食小吃,奶汤面,汤鲜面滑"
雅安烩面,面食小吃,雅安市,雅安市雨城区,103.0333,30.0500,雅安老牌特色烩面，手工宽面筋道爽滑，鲜醇高汤打底，搭配酥肉配菜，口感鲜香醇厚，当地人气家常美味。,cloud://cloud1-d2gphu7bt75dc5910.636c-cloud1-d2gphu7bt75dc5910-1464549430/foods/yaanhuimian.jpg,12,"面食小吃,烩面,鲜香醇厚"
蓬溪熨斗糕,传统点心,遂宁市,遂宁市蓬溪县,105.7000,30.7500,米浆+鸡蛋+猪油烙制，形似熨斗，外酥内软、金黄香甜，蓬溪百年招牌早餐。,cloud://cloud1-d2gphu7bt75dc5910.636c-cloud1-d2gphu7bt75dc5910-1464549430/foods/pengxiyundougao.jpg,4,"传统点心,熨斗糕,外酥内软"
窝子凉粉,特色凉菜,遂宁市,遂宁市船山区,105.3300,30.2400,混合淀粉制成，Q弹滑嫩，淋红油、香醋、麻油等十余调料，麻辣鲜香，夏日消暑必吃。,cloud://cloud1-d2gphu7bt75dc5910.636c-cloud1-d2gphu7bt75dc5910-1464549430/foods/woziliangfen.jpg,12,"特色凉菜,凉粉,麻辣Q弹"
射洪牛肉,特色肉制品,遂宁市,遂宁市射洪市,105.3800,30.9000,精选黄牛精肉，炸/爆/炒/烩多技法，咸甜麻辣平衡，肉质紧实入味，下酒下饭皆宜。,cloud://cloud1-d2gphu7bt75dc5910.636c-cloud1-d2gphu7bt75dc5910-1464549430/foods/shehongniurou.jpg,65,"特色肉制品,牛肉,咸甜麻辣"
芥菜春卷,特色小吃,遂宁市,遂宁市船山区,105.3400,30.2300,全素馅（胡萝卜/海带/石花），裹薄皮，芥末味浓，脆爽刺鼻，越吃越上瘾。,cloud://cloud1-d2gphu7bt75dc5910.636c-cloud1-d2gphu7bt75dc5910-1464549430/foods/jiecaichunjuan.jpg,12,"特色小吃,春卷,芥末脆爽"
青豆肥肠砂锅,特色砂锅菜,遂宁市,遂宁市船山区,105.3300,30.2400,肥肠软糯不腥，青豆吸满肉汁，文火慢炖入味，川中烟火气代表，配饭绝了。,cloud://cloud1-d2gphu7bt75dc5910.636c-cloud1-d2gphu7bt75dc5910-1464549430/foods/qingdoufeichangshaguo.jpg,50,"砂锅菜,肥肠,软糯入味"
观音素麻花,特色零食,遂宁市,遂宁市船山区,105.3400,30.2300,观音文化特色，纯素制作，香酥化渣、甜咸适口，传统工艺，老少皆宜。,cloud://cloud1-d2gphu7bt75dc5910.636c-cloud1-d2gphu7bt75dc5910-1464549430/foods/guanyinsumahua.jpg,20,"特色零食,麻花,香酥化渣"
盐边羊肉米线,川滇风味/非遗,攀枝花市,攀枝花市,101.73,26.59,羊骨慢熬奶白浓汤，粗米线配薄荷、木姜子油，鲜而不膻,cloud://cloud1-d2gphu7bt75dc5910.636c-cloud1-d2gphu7bt75dc5910-1464549430/foods/yanbianyangroumixian.jpg,18,"川滇风味,羊肉米线,鲜而不膻"
盐边牛肉,盐边特色/天府名菜,攀枝花市,攀枝花市盐边县,101.73,26.59,高原黄牛肉老卤慢炖，切片凉拌，麻辣鲜香,cloud://cloud1-d2gphu7bt75dc5910.636c-cloud1-d2gphu7bt75dc5910-1464549430/foods/yanbianniurou.jpg,35,"盐边特色,牛肉,麻辣鲜香"
油底肉,非遗/笮人风味,攀枝花市,攀枝花市盐边县,101.56,26.81,五花肉腌制后菜籽油慢熬封存，肥而不腻，可蒸可炒,cloud://cloud1-d2gphu7bt75dc5910.636c-cloud1-d2gphu7bt75dc5910-1464549430/foods/youdirou.jpg,45,"非遗,油底肉,肥而不腻"
彝族坨坨肉,彝族特色,攀枝花市,攀枝花市盐边县,101.42,26.91,大块猪肉清水煮熟，蘸辣椒蒜水，肉香纯粹,cloud://cloud1-d2gphu7bt75dc5910.636c-cloud1-d2gphu7bt75dc5910-1464549430/foods/yizutuotuorou2.jpg,50,"彝族特色,坨坨肉,肉香纯粹"
米易铜火锅,攀西特色/非遗,攀枝花市,攀枝花市米易县,102.11,26.89,炭火紫铜锅，土鸡、腊肉、丸子等层层码放，汤浓味厚,cloud://cloud1-d2gphu7bt75dc5910.636c-cloud1-d2gphu7bt75dc5910-1464549430/foods/miyitonghuoguo.jpg,70,"攀西特色,铜火锅,汤浓味厚"
爬沙虫,特色野味/高蛋白,攀枝花市,攀枝花市盐边县,101.73,26.59,油炸外酥里嫩，被誉为“水人参”，口感香脆,cloud://cloud1-d2gphu7bt75dc5910.636c-cloud1-d2gphu7bt75dc5910-1464549430/foods/pashachong.jpg,90,"特色野味,爬沙虫,香脆高蛋白"
浑浆豆花,地方小吃,攀枝花市,攀枝花市东区,101.73,26.59,豆浆不过滤直接煮制，豆香浓郁，配蘸水食用,cloud://cloud1-d2gphu7bt75dc5910.636c-cloud1-d2gphu7bt75dc5910-1464549430/foods/hunjiangdouhua.jpg,8,"地方小吃,豆花,豆香浓郁"
内江牛肉面,川味小吃/早餐顶流,内江市,内江市市中区,105.04,29.59,细面重碱、宽汤红油，牛肉臊子酥烂入味，配韭黄香菜，麻辣鲜香,cloud://cloud1-d2gphu7bt75dc5910.636c-cloud1-d2gphu7bt75dc5910-1464549430/foods/neijiangniuroumian.jpg,12,"川味小吃,牛肉面,麻辣鲜香"
大千干烧鱼,非遗名菜/大千风味,内江市,内江市东兴区,105.06,29.58,张大千改良家传菜，外酥里嫩，咸鲜微辣，汤汁浓郁拌饭一绝,cloud://cloud1-d2gphu7bt75dc5910.636c-cloud1-d2gphu7bt75dc5910-1464549430/foods/daqianganshaoyu.jpg,55,"非遗名菜,干烧鱼,咸鲜微辣"
隆昌羊肉汤,川南暖身美食,内江市,内江市隆昌市,105.27,29.33,本地黑山羊慢炖3小时，汤色奶白醇厚，羊肉软烂脱骨，无膻味,cloud://cloud1-d2gphu7bt75dc5910.636c-cloud1-d2gphu7bt75dc5910-1464549430/foods/longchangyangroutang.jpg,60,"暖身美食,羊肉汤,奶白醇厚"
板板桥油炸粑,百年非遗小吃,内江市,内江市市中区,105.04,29.59,糯米裹绿豆沙油炸，外酥里糯，咸甜适中，童年经典小吃,cloud://cloud1-d2gphu7bt75dc5910.636c-cloud1-d2gphu7bt75dc5910-1464549430/foods/banbanqiaoyou.jpg,6,"非遗小吃,油炸粑,外酥里糯"
资中兔子面,地方特色面食,内江市,内江市资中县,104.86,29.78,内江资中经典早餐，兔丁臊子麻辣鲜香，面条劲道爽滑，本地人气爆棚,cloud://cloud1-d2gphu7bt75dc5910.636c-cloud1-d2gphu7bt75dc5910-1464549430/foods/zizhongtuzimian.jpg,15,"地方面食,兔子面,麻辣鲜香"
王凉粉,非遗小吃,内江市,内江市市中区,105.04,29.59,内江老牌名小吃，凉粉爽滑筋道，红油辣子香而不燥，搭配豌豆、花生碎口感丰富,cloud://cloud1-d2gphu7bt75dc5910.636c-cloud1-d2gphu7bt75dc5910-1464549430/foods/wangliangfen.jpg,8,"非遗小吃,凉粉,香而不燥"
南充米粉,川味小吃/早餐顶流,南充市,南充市顺庆区,106.08,30.84,骨汤醇厚、米粉顺滑，牛肉/肥肠臊子鲜香，配油干，南充人早餐灵魂,cloud://cloud1-d2gphu7bt75dc5910.636c-cloud1-d2gphu7bt75dc5910-1464549430/foods/nanchongmifen.jpg,12,"川味小吃,米粉,骨汤醇厚"
川北凉粉,非遗小吃,南充市,南充市顺庆区,106.08,30.84,百年老字号，豌豆凉粉嫩滑筋道，秘制红油蒜香浓郁，麻辣鲜香，中华名小吃,cloud://cloud1-d2gphu7bt75dc5910.636c-cloud1-d2gphu7bt75dc5910-1464549430/foods/chuanbeiliangfen.jpg,10,"非遗小吃,凉粉,蒜香浓郁"
张飞牛肉,非遗特产/佐酒美食,南充市,南充市阆中市,105.97,31.58,肉质紧实、咸香入味，色泽红亮，百年工艺，可直接食用或入菜,cloud://cloud1-d2gphu7bt75dc5910.636c-cloud1-d2gphu7bt75dc5910-1464549430/foods/zhangfeiniurou.jpg,50,"非遗特产,牛肉,咸香紧实"
南部肥肠干饭,地方特色主食,南充市,南充市南部县,105.73,31.78,肥肠处理干净、软糯香辣，配干爽米饭，汤汁浓郁，南部经典美食,cloud://cloud1-d2gphu7bt75dc5910.636c-cloud1-d2gphu7bt75dc5910-1464549430/foods/nanbufeichangganfan.jpg,18,"地方主食,肥肠干饭,软糯香辣"
营山凉面,地方特色面食,南充市,南充市营山县,106.55,31.08,细面劲道，红油劲霸，佐豆芽、大头菜，麻、辣、咸、香四味兼备，夏日开胃,cloud://cloud1-d2gphu7bt75dc5910.636c-cloud1-d2gphu7bt75dc5910-1464549430/foods/yingshanliangmian.jpg,12,"地方面食,凉面,麻辣咸香"
白糖蒸馍,传统糕点,南充市,南充市阆中市,105.97,31.58,清乾隆年间贡品，甜软绵密，久放不坏，与张飞牛肉、保宁醋并称“阆中三绝”,cloud://cloud1-d2gphu7bt75dc5910.636c-cloud1-d2gphu7bt75dc5910-1464549430/foods/baitangzhengmo.jpg,6,"传统糕点,蒸馍,甜软绵密"
绵阳米粉,川味小吃/早餐灵魂,绵阳市,绵阳市涪城区,104.74,31.45,细如发丝，红汤麻辣醇厚、清汤鲜香回甘，配酸菜豌豆，嗦一口唤醒全城，绵阳人早餐标配,cloud://cloud1-d2gphu7bt75dc5910.636c-cloud1-d2gphu7bt75dc5910-1464549430/foods/mianyangmifen.jpg,12,"川味小吃,米粉,麻辣醇厚"
江油肥肠,地方名菜/米饭杀手,绵阳市,绵阳市江油市,104.62,31.72,肥肠软糯弹牙、肥而不腻，麻辣鲜香，红烧入味，汤汁浓郁，拌饭一绝，肥肠界天花板,cloud://cloud1-d2gphu7bt75dc5910.636c-cloud1-d2gphu7bt75dc5910-1464549430/foods/jiangyoufeichang.jpg,35,"地方名菜,肥肠,麻辣软糯"
冷沾沾,街头非遗小吃,绵阳市,绵阳市江油市,104.62,31.72,食材穿竹签，蘸红油/清汤蘸水，荤素任选，麻辣鲜香，互动感强，性价比高，街头人气王,cloud://cloud1-d2gphu7bt75dc5910.636c-cloud1-d2gphu7bt75dc5910-1464549430/foods/lengzhanzhan.jpg,18,"非遗小吃,冷沾沾,麻辣鲜香"
梓潼酥饼,宫廷贡品/非遗糕点,绵阳市,绵阳市梓潼县,105.17,31.41,千年工艺，层层起酥，香脆化渣，内馅芝麻核桃，甜而不腻，唐代贡品，配茶绝佳,cloud://cloud1-d2gphu7bt75dc5910.636c-cloud1-d2gphu7bt75dc5910-1464549430/foods/zitongsubing.jpg,25,"非遗糕点,酥饼,香脆化渣"
梓潼片粉,非遗小吃,绵阳市,绵阳市梓潼县,105.17,31.41,绿豆淀粉制作，薄可透光，配红油芥末，麻酸辣冲香五味俱全，仅梓潼井水可制，非遗美味,cloud://cloud1-d2gphu7bt75dc5910.636c-cloud1-d2gphu7bt75dc5910-1464549430/foods/zitongpianfen.jpg,15,"非遗小吃,片粉,五味俱全"
北川腊肉,羌族特色特产,绵阳市,绵阳市北川县,104.47,31.82,柏树枝烟熏，肉色红亮，肥而不腻，木质香气浓郁，可蒸炒或直接食用，羌家年味代表,cloud://cloud1-d2gphu7bt75dc5910.636c-cloud1-d2gphu7bt75dc5910-1464549430/foods/beichuanlarou.jpg,45,"羌族特产,腊肉,柏枝烟熏"
东坡肘子,经典名菜,眉山市,眉山市东坡区,103.84,30.04,眉山招牌，猪肘慢炖，肥而不腻、入口即化，红亮酱香，东坡文化味觉代表,cloud://cloud1-d2gphu7bt75dc5910.636c-cloud1-d2gphu7bt75dc5910-1464549430/foods/dongpozhouzi.jpg,45,"经典名菜,东坡肘子,肥而不腻"
彭山甜皮鸭,非遗特产,眉山市,眉山市彭山区,103.86,30.15,皮脆肉嫩、咸甜适中，卤后淋热油，色泽红亮，甜皮鸭界“始祖”,cloud://cloud1-d2gphu7bt75dc5910.636c-cloud1-d2gphu7bt75dc5910-1464549430/foods/pengshantianpiya.jpg,35,"非遗特产,甜皮鸭,皮脆肉嫩"
洪雅钵钵鸡,川味小吃,眉山市,眉山市洪雅县,103.27,29.70,藤椒/红油双味，食材新鲜，麻辣鲜香，藤椒味麻香浓郁，夏日开胃必吃,cloud://cloud1-d2gphu7bt75dc5910.636c-cloud1-d2gphu7bt75dc5910-1464549430/foods/hongyaboboji.jpg,25,"川味小吃,钵钵鸡,藤椒红油"
丹棱冻粑,传统糕点,眉山市,眉山市丹棱县,103.52,30.01,软糯香甜，红糖/芝麻/玫瑰多口味，手工制作，久放不硬，早餐佳品,cloud://cloud1-d2gphu7bt75dc5910.636c-cloud1-d2gphu7bt75dc5910-1464549430/foods/danlengdongba.jpg,5,"传统糕点,冻粑,软糯香甜"
洪雅藤椒鱼,地方名菜,眉山市,眉山市洪雅县,103.27,29.70,鲜活鱼肉，藤椒鲜麻，汤汁浓郁，配菜入味，下饭神器，人均实惠,cloud://cloud1-d2gphu7bt75dc5910.636c-cloud1-d2gphu7bt75dc5910-1464549430/foods/hongyatengjiaoyu.jpg,35,"地方名菜,藤椒鱼,鲜麻浓郁"
眉山东坡肉,经典名菜,眉山市,眉山市东坡区,103.84,30.04,五花肉慢煨，色泽红亮，肥而不腻，酥软入味，东坡宴席必备，老少皆宜,cloud://cloud1-d2gphu7bt75dc5910.636c-cloud1-d2gphu7bt75dc5910-1464549430/foods/meishandongporou.jpg,40,"经典名菜,东坡肉,酥软入味"
青神竹编宴,特色宴席,眉山市,眉山市青神县,103.79,29.75,竹荪、竹花、竹蛋入菜，清香鲜美，营养健康，非遗竹编文化美食融合,cloud://cloud1-d2gphu7bt75dc5910.636c-cloud1-d2gphu7bt75dc5910-1464549430/foods/qingshenzhubianyan.jpg,55,"特色宴席,竹编宴,清香鲜美"
古蔺麻辣鸡,非遗硬菜,泸州市,泸州市古蔺县,105.82,28.05,《舌尖》推荐，高山土鸡老卤浸煮，皮脆肉嫩，配秘制红油蘸水，麻香突出、辣而不燥 。,cloud://cloud1-d2gphu7bt75dc5910.636c-cloud1-d2gphu7bt75dc5910-1464549430/foods/gulinmalaji.jpg,50,"非遗硬菜,麻辣鸡,皮脆肉嫩"
泸州黄粑,传统小吃,泸州市,泸州市江阳区,105.44,28.88,糯米红糖良姜叶包裹蒸制，金黄软糯、草木清香，冷吃绵密、油煎外脆内糯，伴手礼首选 。,cloud://cloud1-d2gphu7bt75dc5910.636c-cloud1-d2gphu7bt75dc5910-1464549430/foods/luzhouhuangba.jpg,15,"传统小吃,黄粑,金黄软糯"
叙永豆汤面,非遗早餐,泸州市,泸州市叙永县,105.43,28.17,白豌豆熬沙浓汤+碱水面+骨汤肉臊，豆香浓郁、汤鲜面劲，本地早餐灵魂。,cloud://cloud1-d2gphu7bt75dc5910.636c-cloud1-d2gphu7bt75dc5910-1464549430/foods/xuyongdoutangmian.jpg,12,"非遗早餐,豆汤面,豆香浓郁"
泸州猪儿粑,糯米小吃,泸州市,泸州市合江县/江阳区,105.58,28.78,糯米皮裹芽菜鲜肉/芝麻糖馅，形似小猪，软糯Q弹、咸甜爆汁，非遗小吃。,cloud://cloud1-d2gphu7bt75dc5910.636c-cloud1-d2gphu7bt75dc5910-1464549430/foods/luzhouzhuerba.jpg,4,"糯米小吃,猪儿粑,咸甜爆汁"
泸州白糕,传统糕点,泸州市,泸州市江阳区,105.44,28.88,糯米发酵蒸制，雪白绵软、甜而不腻，桂花清香，早餐标配，配豆浆更佳  。,cloud://cloud1-d2gphu7bt75dc5910.636c-cloud1-d2gphu7bt75dc5910-1464549430/foods/luzhoubaigao.jpg,8,"传统糕点,白糕,雪白绵软"
合江烤鱼,江湖夜宵,泸州市,泸州市合江县,105.58,28.78,活鱼现烤，铺折耳根、泡萝卜、魔芋，皮焦肉嫩、麻辣鲜香，川南夜市招牌  。,cloud://cloud1-d2gphu7bt75dc5910.636c-cloud1-d2gphu7bt75dc5910-1464549430/foods/hejiangkaoyu.jpg,60,"江湖夜宵,烤鱼,皮焦肉嫩"
